username;date;retweets;favorites;text;geo;mentions;hashtags;id;permalink
GOPAlert2016;2016-11-07 23:35;1;0;"I believe Connecticut has been lead by liberals for too long now. It's time for that to end, go vote for @DanCarterCT !";;@DanCarterCT;;"795756668495732736";https://twitter.com/GOPAlert2016/status/795756668495732736
superbus;2016-11-07 19:04;0;0;"Extremely disappointed in @DanCarterCT http:// ctmirror.org/2016/11/07/cli nton-trump-battle-overshadows-cts-down-ballot-races/ … pic.twitter.com/26vB4jQl9u";;@DanCarterCT;;"795688343237488641";https://twitter.com/superbus/status/795688343237488641
skennedy2504;2016-11-07 14:00;0;0;"Great hanging out with @DanCarterCT at the #VeteransDay parade yesterday. Thank you for your support in connecting our community! pic.twitter.com/xIUlTV0pIm";;@DanCarterCT;#VeteransDay;"795611818035216387";https://twitter.com/skennedy2504/status/795611818035216387
iavct1;2016-11-07 13:28;8;19;"Support for #veterans crosses party lines in #CT . Thanks for joining us @SenBlumenthal & @DanCarterCT ! #OperationUniteAmerica #VeteransDay pic.twitter.com/67K66HfbRE";;@SenBlumenthal @DanCarterCT;#veterans #CT #OperationUniteAmerica #VeteransDay;"795603939995582465";https://twitter.com/iavct1/status/795603939995582465
DanCarterCT;2016-11-07 02:49;5;9;"Marched with the CT chapter of @iava in today's veteran parade. Impressive dedication to America, Connecticut, and fellow veterans! @iavct1 pic.twitter.com/fthdCbBF85";;@iava @iavct1;;"795442899462852609";https://twitter.com/DanCarterCT/status/795442899462852609
UberPippi;2016-11-06 21:03;0;0;"@DanCarterCT What is your stance on internet legislation such as SOPA or PIPA?";;@DanCarterCT;;"795356039717781504";https://twitter.com/UberPippi/status/795356039717781504
CASAAmedia;2016-11-06 18:55;13;7;"CT Senate Candidate Correction -Our system has not updated. @DanCarterCT is the real (R) Candidate for Senate in CT. http:// cqrcengage.com/casaa/app/cand idate/60084 …";;@DanCarterCT;;"795323746345041921";https://twitter.com/CASAAmedia/status/795323746345041921
Truthinesses;2016-11-06 17:00;0;0;"Vote Republican really? REALLY??? @DanCarterCT @JoeMarkley @Rep80 @labbielady @CTGOP pic.twitter.com/I6DmOeXwdL";;@DanCarterCT @JoeMarkley @Rep80 @labbielady @CTGOP;;"795294782813859845";https://twitter.com/Truthinesses/status/795294782813859845
freedomondeck;2016-11-06 14:58;0;2;"Live stream us on http:// 949newsnow.com @CTNewsbreaker @LeeElci @DanCarterCT @DariaNovak @CTFCR @CTGOP @CrouchforSenate @TeamTrump pic.twitter.com/CxfYiw8TCn";;@CTNewsbreaker @LeeElci @DanCarterCT @DariaNovak @CTFCR @CTGOP @CrouchforSenate @TeamTrump;;"795264179900993536";https://twitter.com/freedomondeck/status/795264179900993536
DanCarterCT;2016-11-06 03:52;4;9;"It was great campaigning in Farmington tonight with @docpetit_art @claycopect @labbielady and Mike Clark! @CTGOP pic.twitter.com/EBvI0NNJPT";;@docpetit_art @claycopect @labbielady @CTGOP;;"795096537034588160";https://twitter.com/DanCarterCT/status/795096537034588160
DanCarterCT;2016-11-05 21:43;4;8;"Enjoyed meeting business owners in Southington. It's time for fiscal sanity! @CTGOP @labbielady #carter2016 pic.twitter.com/2XTWIQKB4S";;@CTGOP @labbielady;#carter2016;"795003605220790272";https://twitter.com/DanCarterCT/status/795003605220790272
MinorSolstice;2016-11-05 19:15;0;0;"Vote Republican really? .. REALLY? @DanCarterCT @shaban4congress pic.twitter.com/eZM3t23qVq";;@DanCarterCT @shaban4congress;;"794966449710309378";https://twitter.com/MinorSolstice/status/794966449710309378
newsfittoblog;2016-11-05 18:06;0;0;"@DanCarterCT Sir, we are a Canadian news site and have exposed Clinton. We are running this trailer on Winnipeg streets. pic.twitter.com/Q5cvAa7lFI";;@DanCarterCT;;"794948930026999808";https://twitter.com/newsfittoblog/status/794948930026999808
CTFleaMarkets;2016-11-05 00:22;5;6;"VOTE #DANCARTER #CONNECTICUT After learning what creeps & liars the #Dems turned into we must #DemExit #PodestaEmails30 @DanCarterCT";;@DanCarterCT;#DANCARTER #CONNECTICUT #Dems #DemExit #PodestaEmails30;"794681243145211904";https://twitter.com/CTFleaMarkets/status/794681243145211904
MinorSolstice;2016-11-04 15:57;0;0;"No need for another @realDonaldTrump supporter! @DanCarterCT @CTGOP pic.twitter.com/4SRcGlFoU8";;@realDonaldTrump @DanCarterCT @CTGOP;;"794554133294424064";https://twitter.com/MinorSolstice/status/794554133294424064
DanCarterCT;2016-11-04 14:59;0;1;"Check out the Phil Mikan Show at 10am to hear me discuss the campaign on WLIS1420/WMRD1150! @CTGOP #CTpolitics #Carter2016 #4Days pic.twitter.com/w5LJsauCUg";;@CTGOP;#CTpolitics #Carter2016 #4Days;"794539675985776640";https://twitter.com/DanCarterCT/status/794539675985776640
pwalkerbooks;2016-11-03 17:24;0;1;"@apricotmamiof2 @DanCarterCT they still coming to town with their opinions? Opinions are like butt holes everybody got one. Ignore them.";;@apricotmamiof2 @DanCarterCT;;"794213698332135426";https://twitter.com/pwalkerbooks/status/794213698332135426
Psychonaut7;2016-11-03 16:21;0;0;"@DanCarterCT if elected would you support further arms sales to saudi arabia?";;@DanCarterCT;;"794197866399100928";https://twitter.com/Psychonaut7/status/794197866399100928
AnonymousFOTW;2016-11-03 01:34;1;0;"@LivesUsa @DanCarterCT @SenBlumenthal @CTGOP Stand corrected issa is the richest";;@LivesUsa @DanCarterCT @SenBlumenthal @CTGOP;;"793974624132497409";https://twitter.com/AnonymousFOTW/status/793974624132497409
AnonymousFOTW;2016-11-03 01:31;1;0;"@LivesUsa @DanCarterCT @SenBlumenthal @CTGOP I doubt it after all he is the richest person in congress!";;@LivesUsa @DanCarterCT @SenBlumenthal @CTGOP;;"793973888074059776";https://twitter.com/AnonymousFOTW/status/793973888074059776
LivesUsa;2016-11-03 01:09;2;0;"@DanCarterCT @SenBlumenthal @CTGOP @AnonymousFOTW";;@DanCarterCT @SenBlumenthal @CTGOP @AnonymousFOTW;;"793968329828470784";https://twitter.com/LivesUsa/status/793968329828470784
DanCarterCT;2016-11-03 01:08;9;5;"Over $20,000 in donations to @SenBlumenthal campaign from #strawdonor scandal... Will he do the right thing? http:// conta.cc/2fgbUTV @CTGOP";;@SenBlumenthal @CTGOP;#strawdonor;"793967946326478848";https://twitter.com/DanCarterCT/status/793967946326478848
mrf505;2016-11-02 16:22;0;1;"Remember to go out and vote for @DariaNovak @Valentine4StRep and @DanCarterCT true conservatives that will bring lower taxes,less regulation";;@DariaNovak @Valentine4StRep @DanCarterCT;;"793835561580584961";https://twitter.com/mrf505/status/793835561580584961
Dc37Deborah;2016-11-02 12:00;5;2;"@DanCarterCT Blumenthal vs USA. Also, check out assault on 1A: SJR 19. pic.twitter.com/1ikuCg6knr";;@DanCarterCT;;"793769770604724224";https://twitter.com/Dc37Deborah/status/793769770604724224
DanCarterCT;2016-10-31 22:13;3;5;"Great to be at Halloween on Main Street tonight in Newtown! #Carter2016 #CTpolitics pic.twitter.com/yzELdFADuK";;;#Carter2016 #CTpolitics;"793199182110687236";https://twitter.com/DanCarterCT/status/793199182110687236
BaiAnNa2014;2016-10-31 19:33;0;0;"@FightForFairnessCT @DanCarterCT @LenFasano @ForceRecon430 #PresidentTrumpByFrankie 3. #CareerPoliticians will have lost all #jobsecurity";;@FightForFairnessCT @DanCarterCT @LenFasano @ForceRecon430;#PresidentTrumpByFrankie #CareerPoliticians #jobsecurity;"793159030424408068";https://twitter.com/BaiAnNa2014/status/793159030424408068
1718106J;2016-10-31 13:15;0;0;"@DanCarterCT NEED SO MUCH MORE VISABILITY WE NEED TO SEE YOU AROUND Heritage Village? Are there GOP HQ IN EVERY TOWN? SIGNS";;@DanCarterCT;;"793063880746471424";https://twitter.com/1718106J/status/793063880746471424
1718106J;2016-10-31 03:46;0;0;"@DanCarterCT Would like a follow #DrainTheSwamp #VoteTrump";;@DanCarterCT;#DrainTheSwamp #VoteTrump;"792920746637004800";https://twitter.com/1718106J/status/792920746637004800
Valentine4StRep;2016-10-30 16:43;1;1;"What a great feeling that people approach me and tell me how wonderful @Valentine4StRep @DanCarterCT and @JohnFrenchCT are!! #vote !";;@Valentine4StRep @DanCarterCT @JohnFrenchCT;#vote;"792753916509290496";https://twitter.com/Valentine4StRep/status/792753916509290496
freedomondeck;2016-10-30 16:00;1;3;"Live stream us on http:// 949newsnow.com @CTNewsbreaker @LeeElci @CTFCR @CTGOP @DariaNovak @lorionliberty @SaucierKathleen @DanCarterCT pic.twitter.com/GfhgkFvaS5";;@CTNewsbreaker @LeeElci @CTFCR @CTGOP @DariaNovak @lorionliberty @SaucierKathleen @DanCarterCT;;"792742929920094208";https://twitter.com/freedomondeck/status/792742929920094208
gettinviggy;2016-10-30 14:49;1;0;"@DanCarterCT casts himself as anti-establishment pick against @SenBlumenthal http:// bit.ly/2f2ewEG #ctpolitics #election2016";;@DanCarterCT @SenBlumenthal;#ctpolitics #election2016;"792725143630012416";https://twitter.com/gettinviggy/status/792725143630012416
DanCarterCT;2016-10-30 13:42;4;5;"Carter Casts Himself As Anti Establishment: http:// m.ctpost.com/news/article/C arter-casts-himself-as-anti-establishment-pick-10418198.php …";;;;"792708137249828864";https://twitter.com/DanCarterCT/status/792708137249828864
BaiAnNa2014;2016-10-30 06:53;0;0;"@gerfingerpoken2 @realDonaldTrump @tgowdySC @DanCarterCT @hexagonthai1944 @blisstabitha @realdonaldtrump I agree! @realJamesWoods #WakeUp";;@gerfingerpoken2 @realDonaldTrump @tgowdySC @DanCarterCT @hexagonthai1944 @blisstabitha @realdonaldtrump @realJamesWoods;#WakeUp;"792605270933372928";https://twitter.com/BaiAnNa2014/status/792605270933372928
MinorSolstice;2016-10-30 02:45;0;0;"Vote Republican? Really? REALLY???? @DanCarterCT @shaban4congress @SenBlumenthal pic.twitter.com/dIuIEbwM5X";;@DanCarterCT @shaban4congress @SenBlumenthal;;"792542964207587328";https://twitter.com/MinorSolstice/status/792542964207587328
BobSiegrist;2016-10-29 23:58;0;1;"In Essex today with @DanCarterCT meeting the voters before Election Day. 10 days to go! pic.twitter.com/KsWRnvmF7g";;@DanCarterCT;;"792485802802569216";https://twitter.com/BobSiegrist/status/792485802802569216
BobSiegrist;2016-10-29 22:07;0;0;"Thank you @DanCarterCT for stopping by Essex today! https:// twitter.com/dancarterct/st atus/792450444714991617 …";;@DanCarterCT;;"792457874580639748";https://twitter.com/BobSiegrist/status/792457874580639748
DanCarterCT;2016-10-29 21:38;2;3;"Great to be meeting voters this afternoon in Essex along the CT River with future state rep @BobSiegrist ! #Carter2016 #CTpolitics #10Days pic.twitter.com/7bOKcnP6Qj";;@BobSiegrist;#Carter2016 #CTpolitics #10Days;"792450444714991617";https://twitter.com/DanCarterCT/status/792450444714991617
DanCarterCT;2016-10-29 19:36;0;8;"Congrats to the crew of the #USSIllinois , the #USNavy 's new Virginia Class sub. Glad I was there for the special day! #Groton @USNavy pic.twitter.com/3Rj274wOpK";;@USNavy;#USSIllinois #USNavy #Groton;"792419781244772352";https://twitter.com/DanCarterCT/status/792419781244772352
tubanoiz;2016-10-29 16:24;0;0;"Serving breakfast at Ledyard Senior Center with @RepJohnScott & @CrouchforSenate . Great to see @DanCarterCT as well.";;@RepJohnScott @CrouchforSenate @DanCarterCT;;"792371450485374976";https://twitter.com/tubanoiz/status/792371450485374976
StellarSolvers;2016-10-28 23:39;0;0;"@DanCarterCT pic.twitter.com/RDPU0app3V";;@DanCarterCT;;"792118527578763264";https://twitter.com/StellarSolvers/status/792118527578763264
StellarSolvers;2016-10-28 23:38;0;0;"@DanCarterCT please check this out, not one Trump sign anywhere - is CT by GOP? on board? We want ground support 4 our candidate everywhere";;@DanCarterCT;;"792118388713816065";https://twitter.com/StellarSolvers/status/792118388713816065
DanCarterCT;2016-10-28 16:03;1;2;"Tune in now to the Phil Mikan Show on WLIS1420/WMRD1150 to hear me discuss the campaign! @CTGOP #CTpolitics #Carter2016 #11Days pic.twitter.com/1OJ7DmjjaJ – bei WLIS-1420AM/WMRD-1150AM";;@CTGOP;#CTpolitics #Carter2016 #11Days;"792003784629186561";https://twitter.com/DanCarterCT/status/792003784629186561
BaiAnNa2014;2016-10-28 10:02;0;0;"@DanCarterCT @chrissununu #ClintonCashMachine #EnemyWithin 4) #EdwardMezvinsky divorced,married #SueMargolis 5) Embezzled $10M #bankfraud";;@DanCarterCT @chrissununu;#ClintonCashMachine #EnemyWithin #EdwardMezvinsky #SueMargolis #bankfraud;"791913128321753088";https://twitter.com/BaiAnNa2014/status/791913128321753088
BaiAnNa2014;2016-10-28 09:47;0;0;"@dancarterct @hillsdale @realdonaldtrump @robynanne Also, look for #EnemyWithin & #ClintonCashMachine Just learned Chelsea's crookedFamily";;@dancarterct @hillsdale @realdonaldtrump @robynanne;#EnemyWithin #ClintonCashMachine;"791909247110025216";https://twitter.com/BaiAnNa2014/status/791909247110025216
BaiAnNa2014;2016-10-28 09:00;0;0;"@robynanne @DanCarterCT @ChrissununuNH @Hillsdale @realDonaldTrump #Obama gave #Hillary #DOJ $-heGave #BinLaden $1M w #SS acct,NotSurprised";;@robynanne @DanCarterCT @ChrissununuNH @Hillsdale @realDonaldTrump;#Obama #Hillary #DOJ #BinLaden #SS;"791897448348315648";https://twitter.com/BaiAnNa2014/status/791897448348315648
MinorSolstice;2016-10-28 03:24;0;0;"Really Connecticut? REALLY???? @DanCarterCT pic.twitter.com/HpbUPtrKyT";;@DanCarterCT;;"791812913837314048";https://twitter.com/MinorSolstice/status/791812913837314048
DrewSeath;2016-10-27 22:04;0;2;"@DanCarterCT - No vote for you if you don't support stricter background checks & assault gun ban. #MakeUsSafer Thanks @makeussafer";;@DanCarterCT @makeussafer;#MakeUsSafer;"791732325713338368";https://twitter.com/DrewSeath/status/791732325713338368
CTNetworkTV;2016-10-27 21:35;0;0;". @hearstcmg interviews w/ CT's U.S. Senate Candidates @SenBlumenthal (D) http:// ow.ly/UG9S305Bu3g @DanCarterCT (R) http:// ow.ly/QB8a305Bu5x";;@hearstcmg @SenBlumenthal @DanCarterCT;;"791725150064574464";https://twitter.com/CTNetworkTV/status/791725150064574464
MinorSolstice;2016-10-27 16:48;0;0;"Vote Republican Connecticut? REALLY?? @DanCarterCT @shaban4congress #Connecticut pic.twitter.com/lPNRZ5IhAh";;@DanCarterCT @shaban4congress;#Connecticut;"791652676660498432";https://twitter.com/MinorSolstice/status/791652676660498432
MicaelaConnery;2016-10-27 15:19;0;0;". @DanCarterCT + @mcorey4congress you lost my vote b/c of your stance on guns. If you can't separate from NRA on this. I can't vote for you.";;@DanCarterCT @mcorey4congress;;"791630496585379840";https://twitter.com/MicaelaConnery/status/791630496585379840
MinorSolstice;2016-10-27 13:43;0;0;"Voting Republican Connecticut? Really? ... REALLY????? @SenBlumenthal @DanCarterCT @shaban4congress @ToniBoucher @USArmy pic.twitter.com/wItDyWDarn";;@SenBlumenthal @DanCarterCT @shaban4congress @ToniBoucher @USArmy;;"791606134381707265";https://twitter.com/MinorSolstice/status/791606134381707265
ViolaMustachio;2016-10-27 12:18;0;0;"@LeeElci @DanCarterCT 97% of the DOJ donated to the Clinton campaign. #ClintonCrimeSyndicate";;@LeeElci @DanCarterCT;#ClintonCrimeSyndicate;"791584772711669760";https://twitter.com/ViolaMustachio/status/791584772711669760
ConnConnection;2016-10-27 02:03;6;5;"Do you support or oppose the Disability Integration Act @DanCarterCT ? (TY @SenBlumenthal for co-sponsoring #DIAtoday ) #CripTheVote";;@DanCarterCT @SenBlumenthal;#DIAtoday #CripTheVote;"791430056203739137";https://twitter.com/ConnConnection/status/791430056203739137
ConnConnection;2016-10-27 02:00;4;6;"Do you support or oppose the TIME Act, ending subminimum wage? @SenBlumenthal @DanCarterCT #CripTheVote";;@SenBlumenthal @DanCarterCT;#CripTheVote;"791429390202724352";https://twitter.com/ConnConnection/status/791429390202724352
ConnConnection;2016-10-27 01:59;4;3;"Do you support or oppose "ADA Notification" bills? @SenBlumenthal @DanCarterCT #CripTheVote";;@SenBlumenthal @DanCarterCT;#CripTheVote;"791429178906251264";https://twitter.com/ConnConnection/status/791429178906251264
TinaF_1971;2016-10-26 12:59;0;1;"Listen to Blumenthal and Carter Debate by VP Live #vape @DanCarterCT @SenBlumenthal https:// soundcloud.com/vp-live/blumen thal-and-carter-debate …";;@DanCarterCT @SenBlumenthal;#vape;"791232783414759424";https://twitter.com/TinaF_1971/status/791232783414759424
terryjt1;2016-10-26 11:37;0;0;"Thinking hard about my vote for Senator. Would either @DanCarterCT or @SenBlumenthal be down for a quick phone call to discuss issues?";;@DanCarterCT @SenBlumenthal;;"791212213285560320";https://twitter.com/terryjt1/status/791212213285560320
MinorSolstice;2016-10-26 03:26;0;0;"Vote Republican CT?...Really?...Really???? @DanCarterCT pic.twitter.com/qJa1fqxUau";;@DanCarterCT;;"791088483360178176";https://twitter.com/MinorSolstice/status/791088483360178176
DanCarterCT;2016-10-26 03:03;2;15;"I'm always impressed with how well informed students are this year. Enjoyed speaking to a civics class this afternoon at Danbury High School pic.twitter.com/kd3qL5Zw7u";;;;"791082667412512768";https://twitter.com/DanCarterCT/status/791082667412512768
MinorSolstice;2016-10-26 02:56;0;0;"Vote for a Republican @DanCarterCT or @shaban4congress ???? Really? pic.twitter.com/MlBEkzxuLY";;@DanCarterCT @shaban4congress;;"791081037078102017";https://twitter.com/MinorSolstice/status/791081037078102017
DanCarterCT;2016-10-25 22:47;1;9;"Was honored to participate in Frenchtown Elementary School's Democracy Day this morning in Trumbull! #Carter2016 #CTpolitics pic.twitter.com/9ViQ4D6QDi";;;#Carter2016 #CTpolitics;"791018358485417986";https://twitter.com/DanCarterCT/status/791018358485417986
EmilianoVega31;2016-10-25 22:03;0;0;"Great debate from @DanCarterCT today";;@DanCarterCT;;"791007323338711040";https://twitter.com/EmilianoVega31/status/791007323338711040
MorganthePirate;2016-10-25 18:30;0;0;"We need more support for Dan @DanCarterCT - he is FOR the PEOPLE - not the Photo Ops! Supports his fellow Veterans. Vote for Dan https:// twitter.com/DanCarterCT/st atus/790703467773952001 …";;@DanCarterCT;;"790953799162691584";https://twitter.com/MorganthePirate/status/790953799162691584
WCsox;2016-10-25 17:23;0;2;"@WFSBnews with ALL THE issues in CT, THIS IS IMPORTANT? @DanCarterCT @radioviceonline";;@WFSBnews @DanCarterCT @radioviceonline;;"790936834583003136";https://twitter.com/WCsox/status/790936834583003136
BaiAnNa2014;2016-10-25 09:11;0;0;"@DanCarterCT @2ALAW @forcerecon430 @AllenWest @HRCAPrison @NRA @jordanstrack #Painter during #NationalAnthem @realDonaldTrump #WalleyeGame";;@DanCarterCT @2ALAW @forcerecon430 @AllenWest @HRCAPrison @NRA @jordanstrack @realDonaldTrump;#Painter #NationalAnthem #WalleyeGame;"790813115940241409";https://twitter.com/BaiAnNa2014/status/790813115940241409
BaiAnNa2014;2016-10-25 08:20;0;0;"@RoyalFamily @englishalwaght @YalECMES @realDonaldTrump @DanCarterCT #Obama has VERY bad #ForeignPolicy which only helps #OperationChaos";;@RoyalFamily @englishalwaght @YalECMES @realDonaldTrump @DanCarterCT;#Obama #ForeignPolicy #OperationChaos;"790800195818811393";https://twitter.com/BaiAnNa2014/status/790800195818811393
MinorSolstice;2016-10-25 06:27;0;0;"NRA and ALEC stooge ... it makes no difference what what you are answering! @DanCarterCT pic.twitter.com/qg2cejnaWA";;@DanCarterCT;;"790771622315712512";https://twitter.com/MinorSolstice/status/790771622315712512
DanCarterCT;2016-10-25 01:56;3;12;"Unlike my opponent, I always enjoy answering voters' questions. Thank you to the WRA for hosting a great forum tonight #whywontdickdebate pic.twitter.com/5IQTm1zNSt";;;#whywontdickdebate;"790703467773952001";https://twitter.com/DanCarterCT/status/790703467773952001
SJF_Penguin;2016-10-25 01:56;0;0;"@Spicer_Rack @DanCarterCT Disagree. It's the moral duty of GOP Senate to stop any and all Dem appointments. GOP was given a majority—use it!";;@Spicer_Rack @DanCarterCT;;"790703421833764864";https://twitter.com/SJF_Penguin/status/790703421833764864
MinorSolstice;2016-10-25 01:30;0;0;"Trump and company ... The Three stooges! @DanCarterCT @shaban4congress @SenBlumenthal @jahimes pic.twitter.com/RRtKWqMXAw";;@DanCarterCT @shaban4congress @SenBlumenthal @jahimes;;"790696963440246784";https://twitter.com/MinorSolstice/status/790696963440246784
TerryLambert201;2016-10-24 23:20;0;0;"@DanCarterCT You have my support along with my family. I will spread the word Dan . Go get him!";;@DanCarterCT;;"790664397412851713";https://twitter.com/TerryLambert201/status/790664397412851713
CTNetworkTV;2016-10-24 21:09;2;0;". @hartfordcourant interviews with U.S. Senate candidates: @SenBlumenthal | http:// ow.ly/MRN4305uh3w @DanCarterCT | http:// ow.ly/oEUJ305uhrn";;@hartfordcourant @SenBlumenthal @DanCarterCT;;"790631250096713728";https://twitter.com/CTNetworkTV/status/790631250096713728
Spicer_Rack;2016-10-24 15:51;0;0;"@DanCarterCT totally agree, you are a stand up guy. https:// twitter.com/RA_PaulHughes/ status/790208593622659072 …";;@DanCarterCT;;"790551382990458880";https://twitter.com/Spicer_Rack/status/790551382990458880
VPLiveNetwork;2016-10-24 13:42;0;0;"How can @NBCConnecticut and @WTNH not report on the @DanCarterCT @SenBlumenthal debate? I thought you were supposed to report the news???";;@NBCConnecticut @WTNH @DanCarterCT @SenBlumenthal;;"790518897942429696";https://twitter.com/VPLiveNetwork/status/790518897942429696
VPLiveNetwork;2016-10-24 13:38;0;0;"Hey @markdavisWTNH why are you not reporting on the @DanCarterCT @SenBlumenthal debate???";;@markdavisWTNH @DanCarterCT @SenBlumenthal;;"790517717635825664";https://twitter.com/VPLiveNetwork/status/790517717635825664
VPLiveNetwork;2016-10-24 13:35;0;0;"Hey @ToddPiroNBC why are you not reporting on the @DanCarterCT @SenBlumenthal debate???";;@ToddPiroNBC @DanCarterCT @SenBlumenthal;;"790517029526798336";https://twitter.com/VPLiveNetwork/status/790517029526798336
DanCarterCT;2016-10-24 13:28;4;5;"Tune into WELI/960 at 7:35 where I'll join @VinniePenn to talk about the race and yesterday's #debate";;@VinniePenn;#debate;"790515179842838528";https://twitter.com/DanCarterCT/status/790515179842838528
KevVaughanPilz;2016-10-24 09:04;0;0;"Thank you @SenBlumenthal and @DanCarterCT for having a REAL debate. It was refreshing to hear. #Connecticut";;@SenBlumenthal @DanCarterCT;#Connecticut;"790448855678586880";https://twitter.com/KevVaughanPilz/status/790448855678586880
KevVaughanPilz;2016-10-24 08:54;0;0;"If @DanCarterCT does not win.. I REALLY hope he challenges Malloy for Governor.";;@DanCarterCT;;"790446303142699008";https://twitter.com/KevVaughanPilz/status/790446303142699008
SJF_Penguin;2016-10-24 05:14;0;0;""Republican" @DanCarterCT is for "choice" and PP funding. Ugh. Can this damn state ever nominate an actual Republican for once? #RINO #CTSen https:// twitter.com/ctnewsjunkie/s tatus/790321208281665536 …";;@DanCarterCT;#RINO #CTSen;"790390909686931457";https://twitter.com/SJF_Penguin/status/790390909686931457
surgipeck_m;2016-10-24 04:28;0;0;"@DanCarterCT impressed with your debate tonight. Hopefully we see / hear more before the election";;@DanCarterCT;;"790379510097207297";https://twitter.com/surgipeck_m/status/790379510097207297
surgipeck_m;2016-10-24 04:27;0;0;"@hartfordcourant omitted in they're tweet @DanCarterCT . Great reporting, right?!";;@hartfordcourant @DanCarterCT;;"790379142621630464";https://twitter.com/surgipeck_m/status/790379142621630464
Tillett4CT;2016-10-24 03:00;0;0;"#NoBlumenWay that Richard should be sent back to DC @DanCarterCT is The Man with a #BetterPlan https:// twitter.com/gettinviggy/st atus/790238960677158913 …";;@DanCarterCT;#NoBlumenWay #BetterPlan;"790357174266585089";https://twitter.com/Tillett4CT/status/790357174266585089
Valentine4StRep;2016-10-24 02:21;0;0;"@DanCarterCT !! @hartfordcourant fyi, you have Sen B's @, here's Mr. Carters... :)) that way you may edit and retweet. https:// twitter.com/hartfordcouran t/status/790342542147592193 …";;@DanCarterCT @hartfordcourant @;;"790347543163052032";https://twitter.com/Valentine4StRep/status/790347543163052032
CraigCaplan;2016-10-24 01:58;0;0;"#CTSen debate between Democratic @SenBlumenthal and Republican @DanCarterCT in Rocky Hill,CT on @cspan via @WFSBnews https://www. c-span.org/video/?417292- 1/connecticut-senate-debate … pic.twitter.com/3ey7xORxji";;@SenBlumenthal @DanCarterCT @cspan @WFSBnews;#CTSen;"790341647192166400";https://twitter.com/CraigCaplan/status/790341647192166400
MinorSolstice;2016-10-23 23:35;0;0;"Huge waste of time for everyone and @SenBlumenthal ! The NRA and ALEC stooge @DanCarterCT has nothing to offer! @CTMirror@CTMirror";;@SenBlumenthal @DanCarterCT @CTMirror @CTMirror;;"790305572415569920";https://twitter.com/MinorSolstice/status/790305572415569920
kws150;2016-10-23 20:23;0;0;"@DanCarterCT ..excellent to see a Republican with intelligent views..pulling for you from Simsbury. Now clear why Senator B avoids you....";;@DanCarterCT;;"790257466948915200";https://twitter.com/kws150/status/790257466948915200
TerryLambert201;2016-10-23 20:14;0;0;"Richard Blumenthal lies about serving in Vietnam @DanCarterCT You have mine and my families support https://www. youtube.com/watch?v=E0h2qK E69Jg&feature=share …";;@DanCarterCT;;"790255102791680000";https://twitter.com/TerryLambert201/status/790255102791680000
WiltonGOP;2016-10-23 20:03;0;0;"Dan Carter crushed Blumenthal @DanCarterCT";;@DanCarterCT;;"790252219715186688";https://twitter.com/WiltonGOP/status/790252219715186688
ctblogger;2016-10-23 20:01;0;0;"VIDEO: U.S. Senate debate between @SenBlumenthal and @DanCarterCT http:// hatcityblog.blogspot.com/2016/10/video- us-senate-debate-between-richard.html … #ctpolitics";;@SenBlumenthal @DanCarterCT;#ctpolitics;"790251772342374400";https://twitter.com/ctblogger/status/790251772342374400
freedomondeck;2016-10-23 19:57;0;2;"Listen live on http:// 949newsnow.com @CTNewsbreaker @LeeElci @TeamTrumpCT @CTGOP @CTFCR @NYRSCC @DariaNovak @DanCarterCT @949newsnow pic.twitter.com/nY0h906P9N";;@CTNewsbreaker @LeeElci @TeamTrumpCT @CTGOP @CTFCR @NYRSCC @DariaNovak @DanCarterCT @949newsnow;;"790250808315088896";https://twitter.com/freedomondeck/status/790250808315088896
5000YearLeapUS;2016-10-23 19:28;7;2;"What's happening? See what a debate does! #DanCarter #U .S.Senate Keep the momentum @DanCarterCT @CTGOP @SenateGOP pic.twitter.com/dN9xc0uSzD";;@DanCarterCT @CTGOP @SenateGOP;#DanCarter #U;"790243566505324544";https://twitter.com/5000YearLeapUS/status/790243566505324544
gettinviggy;2016-10-23 19:10;2;2;"@SenBlumenthal @DanCarterCT clash in first & only #Senate debate on @WFSBnews with @DennisHouseWFSB @SusanRaff1 http:// tinyurl.com/jpo57xb";;@SenBlumenthal @DanCarterCT @WFSBnews @DennisHouseWFSB @SusanRaff1;#Senate;"790238960677158913";https://twitter.com/gettinviggy/status/790238960677158913
DanCarterCT;2016-10-23 18:43;11;20;"Good first debate hope @SenBlumenthal agrees to another so we can talk about foreign policy issues like #IranDeal";;@SenBlumenthal;#IranDeal;"790232153934135296";https://twitter.com/DanCarterCT/status/790232153934135296
CletusBoJangle;2016-10-23 18:43;4;11;"@DanCarterCT While I do not support all of your positions we need change and you're a small step in the right direction. Great job today";;@DanCarterCT;;"790232148943011841";https://twitter.com/CletusBoJangle/status/790232148943011841
VPLiveNetwork;2016-10-23 18:39;0;0;"Now it's time for @NBCConnecticut and @WTNH to host a @DanCarterCT @SenBlumenthal debate.";;@NBCConnecticut @WTNH @DanCarterCT @SenBlumenthal;;"790231184085282822";https://twitter.com/VPLiveNetwork/status/790231184085282822
WFSBnews;2016-10-23 18:36;0;1;"ICYMI: Watch Face the State's U.S. Senate debate with @SenBlumenthal and @DanCarterCT https:// goo.gl/IGsvkh pic.twitter.com/g48j0MQ699";;@SenBlumenthal @DanCarterCT;;"790230364379877381";https://twitter.com/WFSBnews/status/790230364379877381
VPLiveNetwork;2016-10-23 18:34;0;2;"@DanCarterCT is killing it on the post debate poll. @SenBlumenthal couldn't out debate Dan. #ctdebate";;@DanCarterCT @SenBlumenthal;#ctdebate;"790229839911542784";https://twitter.com/VPLiveNetwork/status/790229839911542784
DanCarterCT;2016-10-23 18:27;7;7;"Vote in the post debate poll http://www. wfsb.com/category/31935 7/who-do-you-think-won-the-us-senate-debate-on-face-the-state …";;;;"790228037455474688";https://twitter.com/DanCarterCT/status/790228037455474688
DennisHouseWFSB;2016-10-23 18:18;2;3;"Thanks to senate debate stand-ins WFSB intern @Tjake21 as @SenBlumenthal & GM @KlarnDePalma as @DanCarterCT pic.twitter.com/I7nz87bSXY";;@Tjake21 @SenBlumenthal @KlarnDePalma @DanCarterCT;;"790225808027713536";https://twitter.com/DennisHouseWFSB/status/790225808027713536
CrabbyThatsAll;2016-10-23 18:09;0;0;"@DanCarterCT @CTYRs_ @UConnHuskies so Mr Carter do you believe in trump do you support him 100 percent I need to know because I live in ct";;@DanCarterCT @CTYRs_ @UConnHuskies;;"790223622547861505";https://twitter.com/CrabbyThatsAll/status/790223622547861505
adamrivers;2016-10-23 18:08;0;0;"Great job in the debate @DanCarterCT ! Impressive!";;@DanCarterCT;;"790223343857364992";https://twitter.com/adamrivers/status/790223343857364992
JaymeStevenson;2016-10-23 18:03;2;2;"Congratulations @DanCarterCT on a fantastic @WFSBnews debate! Proud to support you as our next US Senator!";;@DanCarterCT @WFSBnews;;"790222012568461312";https://twitter.com/JaymeStevenson/status/790222012568461312
niveknaelo;2016-10-23 18:01;0;0;"Nice job @dancarterct you def smoked blumy in the debate";;@dancarterct;;"790221550138060800";https://twitter.com/niveknaelo/status/790221550138060800
YaleGOP;2016-10-23 17:59;1;0;""The governor has failed the state." - @DanCarterCT";;@DanCarterCT;;"790221140929179648";https://twitter.com/YaleGOP/status/790221140929179648
tea_for_dolls;2016-10-23 17:58;0;0;"@DanCarterCT New transplant voting in my first CT election. You've got my vote!!";;@DanCarterCT;;"790220803224825856";https://twitter.com/tea_for_dolls/status/790220803224825856
YaleGOP;2016-10-23 17:57;0;0;""I don't think we should be renaming buildings from the past" - @DanCarterCT";;@DanCarterCT;;"790220580259856386";https://twitter.com/YaleGOP/status/790220580259856386
mrskurantowicz;2016-10-23 17:53;0;0;"@DanCarterCT " @SenBlumenthal having 2010 flashback still doesn't know how to create a job" #ctsendebate";;@DanCarterCT @SenBlumenthal;#ctsendebate;"790219480362344452";https://twitter.com/mrskurantowicz/status/790219480362344452
mrskurantowicz;2016-10-23 17:51;0;0;"@DanCarterCT says need to remove barriers to economic growth like his CT growler bill #ctsendebate @newrepublican";;@DanCarterCT @newrepublican;#ctsendebate;"790219032708407296";https://twitter.com/mrskurantowicz/status/790219032708407296
mrskurantowicz;2016-10-23 17:49;0;0;"@DanCarterCT fair and predictable taxes and regulation will grow CT economy #new republican #ctsendebate";;@DanCarterCT;#new #ctsendebate;"790218566813491200";https://twitter.com/mrskurantowicz/status/790218566813491200
monacapone;2016-10-23 17:43;0;0;"@DickBlumenthal @DanCarterCT so that makes real sense, legalize drugs and then spend millions on addiction services.";;@DickBlumenthal @DanCarterCT;;"790217136392249345";https://twitter.com/monacapone/status/790217136392249345
Abby669314511;2016-10-23 17:41;0;0;"@DanCarterCT great job and you definitely have my vote! Time for Blumenthal to retire!";;@DanCarterCT;;"790216468663267329";https://twitter.com/Abby669314511/status/790216468663267329
deckerjh;2016-10-23 17:36;4;4;"On The @WFSBnews #CT Senate debate @SenBlumenthal just stated he'd "stand up for special interests" Freudian slip? #ctpolitics @DanCarterCT";;@WFSBnews @SenBlumenthal @DanCarterCT;#CT #ctpolitics;"790215204411932673";https://twitter.com/deckerjh/status/790215204411932673
WFSBnews;2016-10-23 17:28;0;0;". @DanCarterCT "I want to make sure people know all options available..." --on abortion pic.twitter.com/IyDlafUrpv";;@DanCarterCT;;"790213309731577857";https://twitter.com/WFSBnews/status/790213309731577857
mrskurantowicz;2016-10-23 17:26;0;0;"@DanCarterCT mentions adoption/ education and support in #prochoice position";;@DanCarterCT;#prochoice;"790212893673414660";https://twitter.com/mrskurantowicz/status/790212893673414660
ctfiremechanic;2016-10-23 17:22;0;0;"Go Dan Carter! @DanCarterCT";;@DanCarterCT;;"790211680471056384";https://twitter.com/ctfiremechanic/status/790211680471056384
chrispkeating;2016-10-23 17:18;2;1;"@DanCarterCT - active duty 10 years in Air Force and handled classified material like @HillaryClinton - need "trust and honesty'' in D.C.";;@DanCarterCT @HillaryClinton;;"790210842302218242";https://twitter.com/chrispkeating/status/790210842302218242
chrispkeating;2016-10-23 17:16;1;0;"@DanCarterCT asks Blumenthal why nothing getting done on guns; "do background checks'' - "I agree with all that.'' Blumenthal vs. NRA";;@DanCarterCT;;"790210375702683649";https://twitter.com/chrispkeating/status/790210375702683649
WFSBnews;2016-10-23 17:16;0;0;". @DanCarterCT "I understand how divided people are on this issue" -- on gun control measures pic.twitter.com/bRo7XpT8u5";;@DanCarterCT;;"790210251362594816";https://twitter.com/WFSBnews/status/790210251362594816
BillEvansCT;2016-10-23 17:15;0;0;"Amazingly @SenBlumenthal has taken credit for everything good happening in country good in first 10 minutes with @dancarterct . @WFSBnews";;@SenBlumenthal @dancarterct @WFSBnews;;"790209999830126592";https://twitter.com/BillEvansCT/status/790209999830126592
chrispkeating;2016-10-23 17:11;0;0;"@DanCarterCT agrees with "crumbling infrastructure'' - says Bring Jobs Home Act basically did nothing; Wash D.C. is broken, he says";;@DanCarterCT;;"790209157806878722";https://twitter.com/chrispkeating/status/790209157806878722
WFSBnews;2016-10-23 17:09;2;1;". @DanCarterCT : "We need to control our spending" pic.twitter.com/q2dhJFXOKl";;@DanCarterCT;;"790208433505140736";https://twitter.com/WFSBnews/status/790208433505140736
WFSBnews;2016-10-23 17:08;1;1;"Live right now on Channel 3. The first and only Senate debate. #campaign2016 @DanCarterCT @SenBlumenthal pic.twitter.com/UJmQeujYKK";;@DanCarterCT @SenBlumenthal;#campaign2016;"790208343704993792";https://twitter.com/WFSBnews/status/790208343704993792
Bo_Biden1;2016-10-23 17:07;0;0;"@WFSBnews @DennisHouseWFSB @SusanRaff1 @SenBlumenthal @DanCarterCT Carter hitting it out if the park! Bloomer looks like a babbling fool.";;@WFSBnews @DennisHouseWFSB @SusanRaff1 @SenBlumenthal @DanCarterCT;;"790208031510372352";https://twitter.com/Bo_Biden1/status/790208031510372352
jib170;2016-10-23 17:07;0;3;"Supporting my friend @DanCarterCT in his #WFSBdebate . pic.twitter.com/aKYLS0sumR";;@DanCarterCT;#WFSBdebate;"790207909187715073";https://twitter.com/jib170/status/790207909187715073
BillEvansCT;2016-10-23 15:20;0;0;"@WFSBnews Is there a debate happening on your channel this morning between @SenBlumenthal & @DanCarterCT ? Live stream link? @DennisHouseWFSB";;@WFSBnews @SenBlumenthal @DanCarterCT @DennisHouseWFSB;;"790181129005502464";https://twitter.com/BillEvansCT/status/790181129005502464
VPLiveNetwork;2016-10-23 15:06;0;0;"Hey @AnneCraig8 when is @WTNH going to have a @DanCarterCT @SenBlumenthal debate?";;@AnneCraig8 @WTNH @DanCarterCT @SenBlumenthal;;"790177569471602688";https://twitter.com/VPLiveNetwork/status/790177569471602688
VPLiveNetwork;2016-10-23 14:54;0;0;"For the @DanCarterCT and @SenBlumenthal debate on @WFSBnews this morning use the hash tag #ctdebate";;@DanCarterCT @SenBlumenthal @WFSBnews;#ctdebate;"790174468773670912";https://twitter.com/VPLiveNetwork/status/790174468773670912
DanCarterCT;2016-10-23 01:09;3;9;"A big thank you to the Fairfield County Fish & Game Club for inviting me to speak at their annual game dinner! #Carter2016 #CTpolitics pic.twitter.com/VaQTtq2IRV – bei Fairfield County Fish and Game Protective Association";;;#Carter2016 #CTpolitics;"789966962004746240";https://twitter.com/DanCarterCT/status/789966962004746240
DanCarterCT;2016-10-22 19:39;9;18;"Rain or shine I had to stop by the @CTYRs_ tailgate to support the @UConnHuskies this afternoon! #Carter2016 #CTpolitics pic.twitter.com/V8VjO1oqw9 – bei Rentschler Field";;@CTYRs_ @UConnHuskies;#Carter2016 #CTpolitics;"789883996901629952";https://twitter.com/DanCarterCT/status/789883996901629952
MinorSolstice;2016-10-22 16:17;0;0;"Why are you going to say something regarding your leader Trump or your maters NRA and ALEC? Well ... are you? @DanCarterCT @DariaNovak";;@DanCarterCT @DariaNovak;;"789833093918167041";https://twitter.com/MinorSolstice/status/789833093918167041
DanCarterCT;2016-10-22 14:19;3;8;"Tune in to 94.9 to hear @DariaNovak and I discuss our campaigns on Political Class radio show #Carter2016 #CTpolitics pic.twitter.com/px2DbDXdsC";;@DariaNovak;#Carter2016 #CTpolitics;"789803333859016708";https://twitter.com/DanCarterCT/status/789803333859016708
5000YearLeapUS;2016-10-22 03:30;1;3;"Elect @Vollano2016 @suzioforsenate @DanCarterCT @claycopect @CrouchforSenate @MCorey4Congress @attyccf @SergeMihaly https:// twitter.com/cthrcc/status/ 789456243966418945 …";;@Vollano2016 @suzioforsenate @DanCarterCT @claycopect @CrouchforSenate @MCorey4Congress @attyccf @SergeMihaly;;"789640062845812737";https://twitter.com/5000YearLeapUS/status/789640062845812737
Bill_Flood;2016-10-21 23:41;0;1;"OP-ED | Wasn’t There A Senate Race Happening? http://www. ctnewsjunkie.com/archives/entry /op-ed_wasnt_there_a_senate_race_happening/#.WAqKijTvSHM.twitter … via @ctnewsjunkie @SenBlumenthal @DanCarterCT";;@ctnewsjunkie @SenBlumenthal @DanCarterCT;#;"789582423348555778";https://twitter.com/Bill_Flood/status/789582423348555778
DennisHouseWFSB;2016-10-21 21:44;0;1;"This weekend on WFSB: the U.S. senate debate between @SenBlumenthal & @DanCarterCT https:// dennishouse.tv/2016/10/20/sen ate-debate-set-for-sunday/ …";;@SenBlumenthal @DanCarterCT;;"789552874191716352";https://twitter.com/DennisHouseWFSB/status/789552874191716352
bluecollarsales;2016-10-21 19:37;0;0;"@DanCarterCT @SenBlumenthal sucks ! #termlimits";;@DanCarterCT @SenBlumenthal;#termlimits;"789520944452644864";https://twitter.com/bluecollarsales/status/789520944452644864
DanCarterCT;2016-10-21 19:36;6;3;"How involved has @SenBlumenthal been re #crumblingfoundations besides signing on to a #stronglywordedletter http:// conta.cc/2eAy1Tb";;@SenBlumenthal;#crumblingfoundations #stronglywordedletter;"789520747672825856";https://twitter.com/DanCarterCT/status/789520747672825856
DanBrechlin;2016-10-21 16:38;0;0;"Of course @SenBlumenthal 's opponent @DanCarterCT knew this was an uphill battle http://www. courant.com/politics/elect ions/hc-carter-senate-20161018-story.html …";;@SenBlumenthal @DanCarterCT;;"789475907304054784";https://twitter.com/DanBrechlin/status/789475907304054784
BaiAnNa2014;2016-10-21 15:50;0;1;"@wdfx2eu7 @donnabrazile @potus @guardian_elite @realDonaldTrump @DanCarterCT #DonnaBrazile #coveredherass bcOf #CrookedHillary #cheatsheet";;@wdfx2eu7 @donnabrazile @potus @guardian_elite @realDonaldTrump @DanCarterCT;#DonnaBrazile #coveredherass #CrookedHillary #cheatsheet;"789463789200674816";https://twitter.com/BaiAnNa2014/status/789463789200674816
DanCarterCT;2016-10-21 14:27;6;5;"RT if you'll tune in to watch @DennisHouseWFSB @SusanRaff1 host the only debate @senblumenthal would agree to https:// dennishouse.tv/2016/10/20/sen ate-debate-set-for-sunday/ …";;@DennisHouseWFSB @SusanRaff1 @senblumenthal;;"789442863461457920";https://twitter.com/DanCarterCT/status/789442863461457920
DanCarterCT;2016-10-21 13:02;1;1;"Tune in right now to the @LeeElci Show on 94.9 for on how we bring change to Washington and Connecticut. #carter2016 #CTpolitics pic.twitter.com/XGvW0n5UFA – bei WJJF radio 94.9";;@LeeElci;#carter2016 #CTpolitics;"789421591079882752";https://twitter.com/DanCarterCT/status/789421591079882752
LeeElci;2016-10-21 12:50;0;2;"U.S. Senate Candidate Dan @DanCarterCT joins me at 7:05 Please call in 860-464-9490";;@DanCarterCT;;"789418575505174528";https://twitter.com/LeeElci/status/789418575505174528
hrhpev;2016-10-20 21:50;0;1;"@JenniferKillin @DanCarterCT @hartfordcourant Hanging chad Jen doesn't remember Al Gore.";;@JenniferKillin @DanCarterCT @hartfordcourant;;"789192154170089472";https://twitter.com/hrhpev/status/789192154170089472
JenniferKillin;2016-10-20 18:46;0;0;"@DanCarterCT @hartfordcourant So, do you denounce Trump's refusal to say he will accept the legitimate outcome of the election?";;@DanCarterCT @hartfordcourant;;"789145822604713984";https://twitter.com/JenniferKillin/status/789145822604713984
MinorSolstice;2016-10-20 18:07;0;0;"NRA and ALEC stooge @DanCarterCT , you think you are in the race? Delusional!";;@DanCarterCT;;"789135842174533633";https://twitter.com/MinorSolstice/status/789135842174533633
AARPCT;2016-10-20 16:43;4;5;"AARP CT vols talk updating Social Security with District 5 candidates @DanCarterCT , @RepEsty & @claycopect at Woodbury forum #TakeAStand pic.twitter.com/ulztgcuNuf";;@DanCarterCT @RepEsty @claycopect;#TakeAStand;"789114820691984384";https://twitter.com/AARPCT/status/789114820691984384
DanBrechlin;2016-10-20 15:27;0;0;"Who needs a honeymoon when you can run for US Senate? @DanCarterCT https:// twitter.com/hartfordcouran t/status/789075182044508161 …";;@DanCarterCT;;"789095764941242368";https://twitter.com/DanBrechlin/status/789095764941242368
billdelia;2016-10-20 08:26;0;0;"Hi @DanCarterCT , thanks to http:// makeussafer.org , I will support SenBlumenthal bc of your position on gun safety. #MakeUsSafer";;@DanCarterCT;#MakeUsSafer;"788989730650062848";https://twitter.com/billdelia/status/788989730650062848
apricotmamiof2;2016-10-19 21:08;0;1;"@DanCarterCT and he further offended families who willingly entered the suit. He won't have my vote or that of anyone I can influence.";;@DanCarterCT;;"788819102563340288";https://twitter.com/apricotmamiof2/status/788819102563340288
MinorSolstice;2016-10-19 20:35;0;0;"Anyone wants to speak for the NRA stooges in CT @DanCarterCT and @shaban4congress ... anyone? @Deanofcomedy @thedailybeast";;@DanCarterCT @shaban4congress @Deanofcomedy @thedailybeast;;"788810802916646912";https://twitter.com/MinorSolstice/status/788810802916646912
Stretchct;2016-10-19 16:48;0;1;"@DanCarterCT you just used the tragedy for a political gain and fundraising with that email. #SandyHook #hypocrite";;@DanCarterCT;#SandyHook #hypocrite;"788753624772009984";https://twitter.com/Stretchct/status/788753624772009984
After_Words;2016-10-19 14:55;0;0;"@whateversusan Super classy! @DanCarterCT @SenBlumenthal";;@whateversusan @DanCarterCT @SenBlumenthal;;"788725189676830724";https://twitter.com/After_Words/status/788725189676830724
RWStowell;2016-10-19 14:13;0;0;"Really, @DanCarterCT ?! This is a campaign issue vs @DickBlumenthal ? #graspingatstraws pic.twitter.com/xC6utK6MYs";;@DanCarterCT @DickBlumenthal;#graspingatstraws;"788714624929632257";https://twitter.com/RWStowell/status/788714624929632257
NeilPMehta;2016-10-19 06:34;0;0;"@DanCarterCT @SenBlumenthal You are a loser, but still have the advantage of not being Linda McMahon.";;@DanCarterCT @SenBlumenthal;;"788599105941606400";https://twitter.com/NeilPMehta/status/788599105941606400
bcw2sculptor;2016-10-19 01:51;0;1;"@NewsTimes @ToniBoucher @DanCarterCT @TheGreatRagsby When will local politicians address the issue of out of state plated cars here in CT?";;@NewsTimes @ToniBoucher @DanCarterCT @TheGreatRagsby;;"788527941823193088";https://twitter.com/bcw2sculptor/status/788527941823193088
BaiAnNa2014;2016-10-19 00:43;0;0;"@dancarterct My favorite interest! I hope they joined @ae911Truth #WeNeedStructure #WeNeedAnswers #DanCarterForUSSenate";;@dancarterct @ae911Truth;#WeNeedStructure #WeNeedAnswers #DanCarterForUSSenate;"788510919466901504";https://twitter.com/BaiAnNa2014/status/788510919466901504
Mattloki062;2016-10-18 21:54;0;3;"@DanCarterCT Your statement references proposed legislation. You didn't propose anything relevant 2016, and voted against 1160 in 2013";;@DanCarterCT;;"788468341228834816";https://twitter.com/Mattloki062/status/788468341228834816
ChrisTrivs;2016-10-18 21:45;0;1;"@DanCarterCT you voted against GVP legislation. #youarenoadvocate";;@DanCarterCT;#youarenoadvocate;"788466175843926016";https://twitter.com/ChrisTrivs/status/788466175843926016
nhrmoleary;2016-10-18 21:38;0;0;"@DanCarterCT Hi Dan, Can you give me a call?. I'm a reporter with the New Haven Register. 203-641-2577 Mary O'Leary";;@DanCarterCT;;"788464359781588992";https://twitter.com/nhrmoleary/status/788464359781588992
apricotmamiof2;2016-10-18 21:32;4;13;". @DanCarterCT families entered litigation willingly. U know where I live if u want 2 discuss. Keep my name out of your mouth. #enough https:// twitter.com/dancarterct/st atus/787290866050359296 …";;@DanCarterCT;#enough;"788462670173339649";https://twitter.com/apricotmamiof2/status/788462670173339649
MinorSolstice;2016-10-18 18:03;0;0;"Any comments on your leader @realDonaldTrump stooges @DanCarterCT & @shaban4congress ? You must be supporting him, yes? @SenBlumenthal";;@realDonaldTrump @DanCarterCT @shaban4congress @SenBlumenthal;;"788410206778716160";https://twitter.com/MinorSolstice/status/788410206778716160
MinorSolstice;2016-10-18 18:01;0;0;"NRA and ALEC stooges @DanCarterCT & @shaban4congress you are both a bad mistake, a grotesque impersonation of a politician @SenBlumenthal";;@DanCarterCT @shaban4congress @SenBlumenthal;;"788409681509253120";https://twitter.com/MinorSolstice/status/788409681509253120
mrf505;2016-10-18 17:53;0;0;"@DanCarterCT is my choice for US Senate because we don't need 6 more years of someone who supports the Obama agenda";;@DanCarterCT;;"788407780835069952";https://twitter.com/mrf505/status/788407780835069952
DanCarterCT;2016-10-18 17:53;7;5;"#UConn #Big12Expansion Another @SenBlumenthal "Bad Mistake" and #CT still paying the price http:// conta.cc/2enDIUo #ctpolitics pic.twitter.com/ukT82ikZyz";;@SenBlumenthal;#UConn #Big12Expansion #CT #ctpolitics;"788407542670061568";https://twitter.com/DanCarterCT/status/788407542670061568
mrf505;2016-10-18 17:45;0;1;"Candidates like @Valentine4StRep @DariaNovak and @DanCarterCT will work to keep government regulations and taxes down! Vote on Nov. 8";;@Valentine4StRep @DariaNovak @DanCarterCT;;"788405746258116612";https://twitter.com/mrf505/status/788405746258116612
Valentine4StRep;2016-10-18 17:44;0;1;"Absolutely! #vote @Valentine4StRep @DanCarterCT @DariaNovak #ctpolitics https:// twitter.com/mrf505/status/ 786939172435165184 …";;@Valentine4StRep @DanCarterCT @DariaNovak;#vote #ctpolitics;"788405316350255104";https://twitter.com/Valentine4StRep/status/788405316350255104
MinorSolstice;2016-10-18 15:18;0;0;"NRA and ALEC stooge @DanCarterCT and @shaban4congress ! Any words about your leader @realDonaldTrump ... anything at all? @SenBlumenthal";;@DanCarterCT @shaban4congress @realDonaldTrump @SenBlumenthal;;"788368550322900992";https://twitter.com/MinorSolstice/status/788368550322900992
DanCarterCT;2016-10-18 14:45;4;2;"#UConn #Big12Expansion Another @SenBlumenthal "Bad Mistake" http:// conta.cc/2enDIUo #ctpolitics #NCAA pic.twitter.com/XHp0Hmkisf";;@SenBlumenthal;#UConn #Big12Expansion #ctpolitics #NCAA;"788360237480677376";https://twitter.com/DanCarterCT/status/788360237480677376
StellarSolvers;2016-10-18 06:14;0;0;"@DanCarterCT you lease share your thoughts https:// twitter.com/stellarsolvers /status/787486917638164481 … @CTGOP";;@DanCarterCT @CTGOP;;"788231737260249088";https://twitter.com/StellarSolvers/status/788231737260249088
MaxReiss;2016-10-18 04:15;0;0;"@RussellBlairCT @philsmithwrites @DanCarterCT @UConn if they land in B1G or ACC, obviously. Today was good because it maintained status quo";;@RussellBlairCT @philsmithwrites @DanCarterCT @UConn;;"788201691778781184";https://twitter.com/MaxReiss/status/788201691778781184
philsmithwrites;2016-10-18 04:07;0;0;"@MaxReiss @RussellBlairCT @DanCarterCT @UConn Ten years from now we will look back on today's decision as good news for UConn.";;@MaxReiss @RussellBlairCT @DanCarterCT @UConn;;"788199816044146688";https://twitter.com/philsmithwrites/status/788199816044146688
RussellBlairCT;2016-10-18 03:42;1;1;". @DanCarterCT , in light of news @UConn wasn't accepted into Big 12, goes after Blumenthal for ACC suit http:// myemail.constantcontact.com/NYT--Blumentha l-s--Bad-Mistake-.html?soid=1124317725485&aid=kqG2l4sW3lw … #ctpolitics";;@DanCarterCT @UConn;#ctpolitics;"788193562437545984";https://twitter.com/RussellBlairCT/status/788193562437545984
DanCarterCT;2016-10-18 03:30;4;5;"#UConn #Big12Expansion Another @SenBlumenthal "Bad Mistake" http:// conta.cc/2enDIUo";;@SenBlumenthal;#UConn #Big12Expansion;"788190567637352448";https://twitter.com/DanCarterCT/status/788190567637352448
jbclemson;2016-10-18 00:24;0;1;"All GOP in my CT district on ballot get 'B+ or A' from NRA. Thank you @DanCarterCT @DariaNovak @TonyGuglielmo @TimAckertCT8 . Find out yours";;@DanCarterCT @DariaNovak @TonyGuglielmo @TimAckertCT8;;"788143676254027776";https://twitter.com/jbclemson/status/788143676254027776
CTGOP;2016-10-17 23:47;0;2;". @YaleGOP Thank you for supporting our candidates like @DanCarterCT !";;@YaleGOP @DanCarterCT;;"788134482247315460";https://twitter.com/CTGOP/status/788134482247315460
YaleGOP;2016-10-17 23:41;10;11;"Before Fall Break begins, YCR members are at the @CTGOP headquarters making calls for @DanCarterCT ! pic.twitter.com/1MtiTttTEN";;@CTGOP @DanCarterCT;;"788132770023411712";https://twitter.com/YaleGOP/status/788132770023411712
1718106J;2016-10-17 20:11;1;0;"@DanCarterCT Are you going on vicevich? And @ASavageNation Michael Savage Please call in Blue to red #DonaldTrump @radioviceonline";;@DanCarterCT @ASavageNation @radioviceonline;#DonaldTrump;"788079889698131969";https://twitter.com/1718106J/status/788079889698131969
jbclemson;2016-10-17 18:44;0;1;"GOP update on my CT ballot - ALL SUPPORT TRUMP/PENCE @DanCarterCT @DariaNovak @TonyGuglielmo @TimAckertCT8 . Find out yours #mondaymotivation";;@DanCarterCT @DariaNovak @TonyGuglielmo @TimAckertCT8;#mondaymotivation;"788058120496951297";https://twitter.com/jbclemson/status/788058120496951297
BaiAnNa2014;2016-10-17 07:57;0;0;"@roc4cruz @megynkelly @DanCarterCT @realDonaldTrump @gerfingerpoken #EnemyWithin @NRA @tperkins @forcerecon430 @joepalojoe @ModelNikeeLynn";;@roc4cruz @megynkelly @DanCarterCT @realDonaldTrump @gerfingerpoken @NRA @tperkins @forcerecon430 @joepalojoe @ModelNikeeLynn;#EnemyWithin;"787895364552683520";https://twitter.com/BaiAnNa2014/status/787895364552683520
gailcara_gail;2016-10-17 00:42;0;0;"@bluecollarsales @DanCarterCT @GOP performing ships, known for their breakdowns etc. done for election year votes, jobs, lobbyists $";;@bluecollarsales @DanCarterCT @GOP;;"787785777585553412";https://twitter.com/gailcara_gail/status/787785777585553412
gailcara_gail;2016-10-17 00:40;0;0;"@bluecollarsales @DanCarterCT @GOP 29 million dollars in FOOD STAMPS at the commissary last year. Congress waisted this money on known bad";;@bluecollarsales @DanCarterCT @GOP;;"787785403822641152";https://twitter.com/gailcara_gail/status/787785403822641152
gailcara_gail;2016-10-17 00:38;0;0;"@bluecollarsales @DanCarterCT @GOP & their families to buy unwanted military equipment. Our military deserves so much better. Troops spent";;@bluecollarsales @DanCarterCT @GOP;;"787784855446749185";https://twitter.com/gailcara_gail/status/787784855446749185
MorganthePirate;2016-10-16 16:53;0;0;"@SpeakerRyan @realDonaldTrump @DanCarterCT Thank You!";;@SpeakerRyan @realDonaldTrump @DanCarterCT;;"787667899330752514";https://twitter.com/MorganthePirate/status/787667899330752514
freedomondeck;2016-10-16 16:45;2;3;"Live stream us on http:// 949newsnow.com @CTNewsbreaker @LeeElci @CTGOP @CTFCR @TeamTrumpCT @DariaNovak @DanCarterCT #TrumpvsClinton pic.twitter.com/8H4OjJ688Z";;@CTNewsbreaker @LeeElci @CTGOP @CTFCR @TeamTrumpCT @DariaNovak @DanCarterCT;#TrumpvsClinton;"787665857119911936";https://twitter.com/freedomondeck/status/787665857119911936
sep9;2016-10-16 02:02;0;0;"@DanCarterCT my hometown!";;@DanCarterCT;;"787443540188131328";https://twitter.com/sep9/status/787443540188131328
BaiAnNa2014;2016-10-16 01:19;1;4;"@VladimirPutin24 @realDonaldTrump @DanCarterCT @forcerecon430 @BritishRoyals #CyberAttack on #Russia is CRIMINAL! http://www. nbcnews.com/news/us-news/c ia-prepping-possible-cyber-strike-against-russia-n666636 …";;@VladimirPutin24 @realDonaldTrump @DanCarterCT @forcerecon430 @BritishRoyals;#CyberAttack #Russia;"787432823233871872";https://twitter.com/BaiAnNa2014/status/787432823233871872
MinorSolstice;2016-10-16 01:00;0;0;"Do you read the news ... about your own party and its leader? NRA and ALEC stooge, silence is a choice! Find another job! @DanCarterCT";;@DanCarterCT;;"787427844599214080";https://twitter.com/MinorSolstice/status/787427844599214080
DanCarterCT;2016-10-16 00:32;4;3;"Great evening at Rocky Hill Fall Fest! #carter2016 #CTpolitics pic.twitter.com/NEB4qmAx8P";;;#carter2016 #CTpolitics;"787420898118758400";https://twitter.com/DanCarterCT/status/787420898118758400
MorganthePirate;2016-10-15 20:43;1;2;"We need to bring our Country back together! @realDonaldTrump @SpeakerRyan @DanCarterCT https:// twitter.com/HouseGOP/statu s/787292194696605696 …";;@realDonaldTrump @SpeakerRyan @DanCarterCT;;"787363388699643904";https://twitter.com/MorganthePirate/status/787363388699643904
MorganthePirate;2016-10-15 17:56;0;0;"@DanCarterCT Well said, and it is sad that he uses a tragedy for his own agenda. You have our Votes!";;@DanCarterCT;;"787321278105518081";https://twitter.com/MorganthePirate/status/787321278105518081
DanCarterCT;2016-10-15 15:55;1;2;"My statement on yesterday's #SandyHook court decision. http:// conta.cc/2eBIHF5";;;#SandyHook;"787290866050359296";https://twitter.com/DanCarterCT/status/787290866050359296
MinorSolstice;2016-10-14 23:37;0;0;"Stop separating Trump from his party ... and your @DanCarterCT @shaban4congress .... http://www. msnbc.com/rachel-maddow- show/obama-clinton-stop-separating-trump-his-party?cid=sm_fb_maddow …";;@DanCarterCT @shaban4congress;;"787044687756529665";https://twitter.com/MinorSolstice/status/787044687756529665
mrf505;2016-10-14 16:38;0;1;"Make sure you go out and vote for Conservative candidates like @Valentine4StRep @DanCarterCT and @DariaNovak on November 8!";;@Valentine4StRep @DanCarterCT @DariaNovak;;"786939172435165184";https://twitter.com/mrf505/status/786939172435165184
MinorSolstice;2016-10-13 22:09;0;0;"NRA and ALEC stooge discussing issues? What about your support of GUNS and the 20 children killed in Newtown stooge? @DanCarterCT pic.twitter.com/GrhW82pFwA";;@DanCarterCT;;"786660272236814336";https://twitter.com/MinorSolstice/status/786660272236814336
jbclemson;2016-10-13 18:37;0;1;"GOP Trump supporters on my ballot. Support them: @DanCarterCT @DariaNovak @TonyGuglielmo . On the fence @TimAckertCT8 - No vote till he's off";;@DanCarterCT @DariaNovak @TonyGuglielmo @TimAckertCT8;;"786606697670291456";https://twitter.com/jbclemson/status/786606697670291456
Valentine4StRep;2016-10-13 16:36;0;1;"So great seeing @DanCarterCT @DariaNovak @JohnFrenchCT !!!";;@DanCarterCT @DariaNovak @JohnFrenchCT;;"786576293278035969";https://twitter.com/Valentine4StRep/status/786576293278035969
Valentine4StRep;2016-10-13 00:05;0;1;"Thank you @mrf505 ! And I know @DariaNovak and @DanCarterCT thank you also! You made the right decision! https:// twitter.com/mrf505/status/ 785817616711491584 …";;@mrf505 @DariaNovak @DanCarterCT;;"786326854160424961";https://twitter.com/Valentine4StRep/status/786326854160424961
DanCarterCT;2016-10-12 23:22;7;11;"I always enjoy discussing the issues facing millennials. It was my pleasure speaking to the political clubs at The Morgan School & WestConn pic.twitter.com/Du7Ek7aeBX";;;;"786316030540967937";https://twitter.com/DanCarterCT/status/786316030540967937
jbclemson;2016-10-12 18:28;0;0;"This guy GOP @danCarterCT is running for senate but he's ignoring my requests on if he supports Trump. What say you Dan?";;@danCarterCT;;"786242109208662016";https://twitter.com/jbclemson/status/786242109208662016
DouglasPatch;2016-10-12 03:53;0;1;"Just voted absentee for @DanCarterCT . CT cannot afford six more years of @SenBlumenthal . #ctsen #CTpolitics";;@DanCarterCT @SenBlumenthal;#ctsen #CTpolitics;"786021968273285120";https://twitter.com/DouglasPatch/status/786021968273285120
haleyfalls;2016-10-11 22:50;0;2;"Proud to cast my absentee vote today for @DanCarterCT & George Logan!";;@DanCarterCT;;"785945803965685760";https://twitter.com/haleyfalls/status/785945803965685760
MinorSolstice;2016-10-11 14:36;0;0;"NRA and ALEC stooge ... any comment on your leader @realDonaldTrump ... anything at all? Silence is a choice! @DanCarterCT";;@realDonaldTrump @DanCarterCT;;"785821336878788608";https://twitter.com/MinorSolstice/status/785821336878788608
DanCarterCT;2016-10-11 14:02;4;11;"Thank you to Glastonbury High School for inviting me to speak to the senior class this morning to address their questions and concerns! pic.twitter.com/meC8IQzLiC – bei Glastonbury High School";;;;"785812783992569856";https://twitter.com/DanCarterCT/status/785812783992569856
NewCanaanRTC;2016-10-11 04:57;0;1;"Meet the Candidates with New Canaan RTC @DanCarterCT pic.twitter.com/aOwDQXSoxK";;@DanCarterCT;;"785675776746192896";https://twitter.com/NewCanaanRTC/status/785675776746192896
EmilianoVega31;2016-10-10 22:44;0;0;"My endorsements for 2016: @shaban4congress , @Ehlers2016 , @Darline4norwalk and @DanCarterCT";;@shaban4congress @Ehlers2016 @Darline4norwalk @DanCarterCT;;"785581680484429825";https://twitter.com/EmilianoVega31/status/785581680484429825
BaiAnNa2014;2016-10-10 08:05;2;0;"@VegasGOP @RIGOP @CTGOP @DanCarterCT @@Hillsdale @geraldina56 @mitchellvii #debate #HillarysFace w wandering eyes #HillarysHealth";;@VegasGOP @RIGOP @CTGOP @DanCarterCT @ @Hillsdale @geraldina56 @mitchellvii;#debate #HillarysFace #HillarysHealth;"785360658976079872";https://twitter.com/BaiAnNa2014/status/785360658976079872
MinorSolstice;2016-10-10 05:03;1;0;"CT GOP wonders how to change the topic from Trump to economy @DanCarterCT @shaban4congress LOL, LOL http:// ctmirror.org/2016/10/09/ct- gop-wonders-how-to-change-the-topic-from-trump-to-economy/ …";;@DanCarterCT @shaban4congress;;"785314748074188800";https://twitter.com/MinorSolstice/status/785314748074188800
DanCarterCT;2016-10-10 00:34;0;3;"A great crowd tonight at the Darien RTC candidate meet & greet! #Carter2016 #CTpolitics pic.twitter.com/aBFTlOWUy3";;;#Carter2016 #CTpolitics;"785247095276048384";https://twitter.com/DanCarterCT/status/785247095276048384
MannySantos123;2016-10-09 23:23;1;1;"@claycopect @DanCarterCT These were actions, causing bodily and psychological damage, not disrespecting trash talk. http:// trib.al/r8sn0xj";;@claycopect @DanCarterCT;;"785229163494010880";https://twitter.com/MannySantos123/status/785229163494010880
Truthinesses;2016-10-09 22:19;0;0;"Yada, yada, yada ... any moment on your leader stooge? Anything at all? @DanCarterCT pic.twitter.com/2uZsQ7obPg";;@DanCarterCT;;"785213038018306048";https://twitter.com/Truthinesses/status/785213038018306048
pontiacaholic;2016-10-09 21:49;0;0;". @DanCarterCT Do you support our Republican presidential nominee @realDonaldTrump ? cc: @GOP #GOP";;@DanCarterCT @realDonaldTrump @GOP;#GOP;"785205588271607808";https://twitter.com/pontiacaholic/status/785205588271607808
DanCarterCT;2016-10-09 19:12;0;4;"Wishing you a happy Columbus Day from Stamford! #carter2016 #CTpolitics pic.twitter.com/rwX6IcavYU";;;#carter2016 #CTpolitics;"785165979873636352";https://twitter.com/DanCarterCT/status/785165979873636352
CTforJohnson;2016-10-09 18:34;1;3;"@DanCarterCT Are you still supporting Trump? There is a respectable candidate running for president. #johnsonweld #ctpolitics";;@DanCarterCT;#johnsonweld #ctpolitics;"785156594141110276";https://twitter.com/CTforJohnson/status/785156594141110276
Truthinesses;2016-10-09 00:44;0;0;"Forget the rain stooge ... your party has collapsed ... you need more $$$ run to NRA and ALEC for more! LOL, LOL, LOL @DanCarterCT";;@DanCarterCT;;"784887187368251392";https://twitter.com/Truthinesses/status/784887187368251392
Truthinesses;2016-10-09 00:41;0;0;"Any comment on the coals of your party and your God @realDonaldTrump stooge? Anything at all? @DanCarterCT @fcamillo";;@realDonaldTrump @DanCarterCT @fcamillo;;"784886511246438400";https://twitter.com/Truthinesses/status/784886511246438400
Praying4_CT;2016-10-08 13:20;0;0;"Please pray today for: @DevinCarneyCT, Christie Carpino, @DanCarterCT http:// bit.ly/2dTXeHN #Pray4Leaders";;@DevinCarneyCT @DanCarterCT;#Pray4Leaders;"784715149571526657";https://twitter.com/Praying4_CT/status/784715149571526657
BaiAnNa2014;2016-10-07 05:04;0;0;"@krauseforiowa @DanCarterCT @forcerecon430 @RepublicanRI @ronjohnsonWI @tgowdySC #BoozAllen .is #SmokingGun http://www. nytimes.com/2016/10/07/us/ booz-allen-hamilton-nsa.html?smid=tw-nytpolitics&smtyp=cur …";;@krauseforiowa @DanCarterCT @forcerecon430 @RepublicanRI @ronjohnsonWI @tgowdySC;#BoozAllen #SmokingGun;"784227804867158016";https://twitter.com/BaiAnNa2014/status/784227804867158016
MelissaZiobron;2016-10-07 04:05;2;4;"So proud of all of these great candidates!! @ArtLinares33 @Jdanielmac @RepDevinCarney @Formica4Senate @BobSiegrist @DanCarterCT #ctgop pic.twitter.com/wUBe1VrrRe";;@ArtLinares33 @Jdanielmac @RepDevinCarney @Formica4Senate @BobSiegrist @DanCarterCT;#ctgop;"784213062131683329";https://twitter.com/MelissaZiobron/status/784213062131683329
BaiAnNa2014;2016-10-07 01:41;0;0;"@aiiamericangiri @Hotnostrilsrfun #HurricaneMatthew may be taking a detour @FiestyFloridian @, DanCarterCT @ToddYoungIN @ChatRevolve";;@aiiamericangiri @Hotnostrilsrfun @FiestyFloridian @ @ToddYoungIN @ChatRevolve;#HurricaneMatthew;"784176911094284290";https://twitter.com/BaiAnNa2014/status/784176911094284290
BaiAnNa2014;2016-10-06 20:27;0;0;"@ggeett37aaa @drmartyfox @DanCarterCT @BobPriceBBTX #gangs like #MS13 #TorvaUnited #Crypts #BGF etc infiltrate US & #ObamafundsTerrorism";;@ggeett37aaa @drmartyfox @DanCarterCT @BobPriceBBTX;#gangs #MS13 #TorvaUnited #Crypts #BGF #ObamafundsTerrorism;"784097695694786560";https://twitter.com/BaiAnNa2014/status/784097695694786560
DanCarterCT;2016-10-06 01:24;2;15;"Great to be at the opening of the Greenwich RTC HQ tonight with my colleagues @fcamillo , Livvy Floren, and Mike Bocchino! #Carter2016 pic.twitter.com/9e3M20KKHT";;@fcamillo;#Carter2016;"783810144463417344";https://twitter.com/DanCarterCT/status/783810144463417344
Woodstock_RTC;2016-10-05 04:55;0;0;"Congratulations to #NoraValentine2016 in being endorsed by the #IndependentParty ! Now SOS needs to put her and @DanCarterCT on the ballot";;@DanCarterCT;#NoraValentine2016 #IndependentParty;"783500803634061312";https://twitter.com/Woodstock_RTC/status/783500803634061312
DanCarterCT;2016-10-05 04:35;1;0;"@bluecollarsales @GOP More to come! Check this out: http://www. carterforsenate.com/noise.html";;@bluecollarsales @GOP;;"783495720980647936";https://twitter.com/DanCarterCT/status/783495720980647936
bluecollarsales;2016-10-05 00:10;0;0;"@DanCarterCT when will the @GOP spend some $ 4 commercials on ur behalf to defeat Hack Blumenthal? Haven't seen any! Don't know much about u";;@DanCarterCT @GOP;;"783429112350277633";https://twitter.com/bluecollarsales/status/783429112350277633
MakeNEGrrAgain;2016-10-04 22:05;0;0;"@DanCarterCT @LenSuzio @radioviceonline @realDonaldTrump @Ctfortrump_ @CTGOP @CTSenateGOP NEVER forget NEVER #HillaryClinton https:// twitter.com/MakeNEGrrAgain /status/783397465127026688 …";;@DanCarterCT @LenSuzio @radioviceonline @realDonaldTrump @Ctfortrump_ @CTGOP @CTSenateGOP;#HillaryClinton;"783397768933113856";https://twitter.com/MakeNEGrrAgain/status/783397768933113856
RussellBlairCT;2016-10-03 13:25;0;0;"Also at the @hartfordcourant editorial board today, @DanCarterCT , running for U.S. Senate. #ctpolitics pic.twitter.com/vpKaNOV9rj";;@hartfordcourant @DanCarterCT;#ctpolitics;"782904339245502464";https://twitter.com/RussellBlairCT/status/782904339245502464
MinorSolstice;2016-10-02 22:06;0;0;"NRA and ALEC stooge ... dreaming. You are nothing you do nothing but support NRA! Find a job leave us! @DanCarterCT pic.twitter.com/Z36qbyfbRp";;@DanCarterCT;;"782673013514862592";https://twitter.com/MinorSolstice/status/782673013514862592
freedomondeck;2016-10-02 15:11;1;1;"Live stream us on http:// 949newsnow.com @CTNewsbreaker @DariaNovak @LeeElci @DanCarterCT @CTFCR @CTGOP @elohimis1 @votingtrump @cwgMTK pic.twitter.com/j4c38E3rrL";;@CTNewsbreaker @DariaNovak @LeeElci @DanCarterCT @CTFCR @CTGOP @elohimis1 @votingtrump @cwgMTK;;"782568707746848768";https://twitter.com/freedomondeck/status/782568707746848768
MinorSolstice;2016-10-02 03:12;0;0;"NRA and ALEC stooge @DanCarterCT fought for nothing of importance! @HarrysWine pic.twitter.com/Qj1zFacj6K";;@DanCarterCT @HarrysWine;;"782387723386687488";https://twitter.com/MinorSolstice/status/782387723386687488
MinorSolstice;2016-10-02 03:08;0;0;"NRA and ALEC stooge @DanCarterCT should get a job with the @boyscouts of America and leave us to govern. pic.twitter.com/Hyx1DSEz8W";;@DanCarterCT @boyscouts;;"782386630086758400";https://twitter.com/MinorSolstice/status/782386630086758400
MannySantos123;2016-10-02 02:50;0;1;"Why I Am Republican https:// youtu.be/wicXHFg2__4 @JosephVollano @DanCarterCT @ClayCopeCT @Fishbein4CT @CrouchForSenate";;@JosephVollano @DanCarterCT @ClayCopeCT @Fishbein4CT @CrouchForSenate;;"782382229704048640";https://twitter.com/MannySantos123/status/782382229704048640
DanCarterCT;2016-10-02 00:49;3;5;"In Hartford I fought to protect small business. Congrats to @HarrysWine as they celebrate their 75th anniversary today! #Carter2016 pic.twitter.com/ACSyTqZpsY";;@HarrysWine;#Carter2016;"782351714364092418";https://twitter.com/DanCarterCT/status/782351714364092418
DanCarterCT;2016-10-01 19:10;1;1;"I believe @SOTSMerrill will do the right thing for #CT and the #Independent Party - Add your name http:// bit.ly/2dM2XU7 #ctpolitics";;@SOTSMerrill;#CT #Independent #ctpolitics;"782266325687267328";https://twitter.com/DanCarterCT/status/782266325687267328
DanCarterCT;2016-10-01 18:44;0;5;"Excited to celebrate #Redding 100th #EagleScout today! As an EagleScout I know dedication it takes Congrats to @boyscouts and families pic.twitter.com/Maxm8kyH5n";;@boyscouts;#Redding #EagleScout;"782259784720396288";https://twitter.com/DanCarterCT/status/782259784720396288
RaulNavarrete11;2016-10-01 18:16;0;0;"@DanCarterCT You are doing the right thing. Keep going! Thank you.";;@DanCarterCT;;"782252904698839040";https://twitter.com/RaulNavarrete11/status/782252904698839040
MinorSolstice;2016-10-01 15:09;0;0;"NRA and ALEC stooge @DanCarterCT delusional about @SenBlumenthal retirement after crawling back to Newtown for support LOL, LOL pic.twitter.com/0lzZ9XaCVU";;@DanCarterCT @SenBlumenthal;;"782205922647142400";https://twitter.com/MinorSolstice/status/782205922647142400
MinorSolstice;2016-10-01 14:30;1;0;"NRA and ALEC stooge @DanCarterCT shamelessly crawling back into Newtown! @tonyhwang @Mitch4Newtown pic.twitter.com/YesiAtrs1M";;@DanCarterCT @tonyhwang @Mitch4Newtown;;"782195924315570176";https://twitter.com/MinorSolstice/status/782195924315570176
viaCedar;2016-09-30 23:09;0;0;"@DanCarterCT please pm me media contact ASAP. Thanks";;@DanCarterCT;;"781964272523997184";https://twitter.com/viaCedar/status/781964272523997184
bluecollarsales;2016-09-30 22:48;0;0;"@DanCarterCT we must elect a senator who will work for the constituents & NOT a personal agenda like the lying Vietnam vet @SenBlumenthal";;@DanCarterCT @SenBlumenthal;;"781958849955848192";https://twitter.com/bluecollarsales/status/781958849955848192
DanCarterCT;2016-09-30 22:42;4;8;"A little rain wasn't going to stop me from meeting voters this afternoon at the Berlin Fair! #Carter2016 #CTpolitics pic.twitter.com/UwtILETl8S";;;#Carter2016 #CTpolitics;"781957523469373441";https://twitter.com/DanCarterCT/status/781957523469373441
HannibalBarca65;2016-09-30 21:56;0;0;"@DanCarterCT @CTFCR But a drug cartel associates feelings are more important than Vets to the MSM. Revolting!";;@DanCarterCT @CTFCR;;"781945766688411648";https://twitter.com/HannibalBarca65/status/781945766688411648
DanCarterCT;2016-09-30 19:57;1;6;"Enjoyed speaking to the Fairfield County Commercial Brokers Network this afternoon about how we can improve the business climate in CT pic.twitter.com/v2ZxHyZQSN";;;;"781915852669120512";https://twitter.com/DanCarterCT/status/781915852669120512
CTKIX;2016-09-29 16:13;0;0;"Congrats @DanCarterCT on your WNPR interview.Curious what extra training you think is needed regarding pistol permits. Wheres @SenBlumenthal";;@DanCarterCT @SenBlumenthal;;"781497094318198785";https://twitter.com/CTKIX/status/781497094318198785
bendicoot;2016-09-29 15:52;1;0;"@DanCarterCT on @wherewelive dodges question about gas pipelines in CT by talking about microbeads and waste transportation. #climate denier";;@DanCarterCT @wherewelive;#climate;"781491781233995776";https://twitter.com/bendicoot/status/781491781233995776
A_C_R;2016-09-29 15:48;0;0;"@DanCarterCT Great job fielding questions on WNPR's "Where We Live" program this morning.";;@DanCarterCT;;"781490847833550848";https://twitter.com/A_C_R/status/781490847833550848
wherewelive;2016-09-29 15:25;0;0;"According to @DanCarterCT , the issues Sen. Blumenthal takes on should not be the focus of a U.S. Senator.";;@DanCarterCT;;"781485034465325056";https://twitter.com/wherewelive/status/781485034465325056
wherewelive;2016-09-29 15:10;0;1;". @DanCarterCT : "One of the most important parts of our process is we want new people to stand up."";;@DanCarterCT;;"781481371625807872";https://twitter.com/wherewelive/status/781481371625807872
wherewelive;2016-09-29 14:35;5;4;"Today, don't miss our one-on-one with @DanCarterCT . Do you have questions or comments for the U.S. Senate hopeful? http:// wnpr.org/post/know-your -candidates-one-one-connecticut-us-senate-hopeful-dan-carter …";;@DanCarterCT;;"781472527491141632";https://twitter.com/wherewelive/status/781472527491141632
rgodfrey21;2016-09-29 02:15;0;0;"@DanCarterCT I've been waiting over six weeks since my eye exam at the Carmel Clinic and still no glasses.";;@DanCarterCT;;"781286250242244608";https://twitter.com/rgodfrey21/status/781286250242244608
MinorSolstice;2016-09-28 21:29;0;0;"You have been gone from your job and decency since December 14, 2012 ... Find another job and let us govern! @DanCarterCT pic.twitter.com/h4tiJyj0oT";;@DanCarterCT;;"781214197359181824";https://twitter.com/MinorSolstice/status/781214197359181824
DanCarterCT;2016-09-28 20:56;5;9;"The #VA failing our vets yet again http:// conta.cc/2dlvrQA Our vets are dying and the VA is hanging up a sign that says "gone for the day."";;;#VA;"781206075647332352";https://twitter.com/DanCarterCT/status/781206075647332352
MorganthePirate;2016-09-27 18:37;0;0;"@DanCarterCT @SenBlumenthal My Dad is a real USAF Vietnam Veteran and I am Yorkies for @DanCarterCT pic.twitter.com/ClmwEkZvGk";;@DanCarterCT @SenBlumenthal @DanCarterCT;;"780808640470982656";https://twitter.com/MorganthePirate/status/780808640470982656
TomRenner;2016-09-26 19:41;0;0;"@DanCarterCT talks #election in Conn. #Senate race with @NewtownDV http:// newtown.dailyvoice.com/politics/senat e-candidate-from-bethel-vows-changes-to-stimulate-troubled-economy/672066/ …";;@DanCarterCT @NewtownDV;#election #Senate;"780462396636860418";https://twitter.com/TomRenner/status/780462396636860418
DanBrechlin;2016-09-26 18:51;0;0;"Just had a legit LOL from this via @DanCarterCT #SaturdaysAreForTheBoys https://www. facebook.com/CarterforSenat e/photos/a.880538365425290.1073741833.100289406783527/983340975145028/?type=3 …";;@DanCarterCT;#SaturdaysAreForTheBoys;"780449612352069632";https://twitter.com/DanBrechlin/status/780449612352069632
AmericanistTime;2016-09-26 15:22;0;0;"@DanCarterCT Is ready to clean up the Blumenthal/Malloy mess CT's economy has become! He has my vote. http:// bit.ly/2dcXtOb";;@DanCarterCT;;"780397162823901184";https://twitter.com/AmericanistTime/status/780397162823901184
TrunkNLove;2016-09-26 15:00;0;0;"@Sguntek2 @DanCarterCT @sfataorg yea, but it's cold, they drink Pepsi and don't know how to properly make sweet tea. Those are deal breakers";;@Sguntek2 @DanCarterCT @sfataorg;;"780391670441443330";https://twitter.com/TrunkNLove/status/780391670441443330
TrunkNLove;2016-09-26 14:58;0;1;"@DanCarterCT @sfataorg It's been almost 2 years since I swapped cigs for vape. I work in Fl pol; let me know if I can help in any way";;@DanCarterCT @sfataorg;;"780391036665360384";https://twitter.com/TrunkNLove/status/780391036665360384
Sguntek2;2016-09-26 14:56;0;1;"@TrunkNLove @DanCarterCT @sfataorg @ivape there are some good things up north!";;@TrunkNLove @DanCarterCT @sfataorg @ivape;;"780390559076745216";https://twitter.com/Sguntek2/status/780390559076745216
TrunkNLove;2016-09-26 14:55;0;1;"@DanCarterCT @sfataorg we can not allow the FDA and big tobacco to condemn another generation by destroying the vape industry. #vape";;@DanCarterCT @sfataorg;#vape;"780390270814879744";https://twitter.com/TrunkNLove/status/780390270814879744
MinorSolstice;2016-09-25 19:23;0;0;"NRA and ALEC stooge, you do nothing and you are worth less than that. Go to Newtown and show what you did @DanCarterCT @sfataorg @ivape pic.twitter.com/xdfEEdBpXr";;@DanCarterCT @sfataorg @ivape;;"780095391849127936";https://twitter.com/MinorSolstice/status/780095391849127936
DanCarterCT;2016-09-25 19:20;1;10;"I had a great time at CT Vapor Trail! Keep up the fight for small business and reasonable regulations. @sfataorg #ctsfata @ivape #casaa pic.twitter.com/hNBnSnqo6l";;@sfataorg @ivape;#ctsfata #casaa;"780094639097450496";https://twitter.com/DanCarterCT/status/780094639097450496
Beezer1776;2016-09-25 03:23;0;0;"@Maarlenaaaa @DanCarterCT I wrote an op-ed and gave a 7 min presentation ripping on Chris Murphy for a class once. I feel your pain.";;@Maarlenaaaa @DanCarterCT;;"779853750814945281";https://twitter.com/Beezer1776/status/779853750814945281
Maarlenaaaa;2016-09-25 03:19;0;1;"@Beezer1776 @DanCarterCT he seems to despise Blumenthal just as much as I do, so yes.";;@Beezer1776 @DanCarterCT;;"779852801908281344";https://twitter.com/Maarlenaaaa/status/779852801908281344
Beezer1776;2016-09-25 03:13;0;1;"@DanCarterCT @SenBlumenthal @Maarlenaaaa I hope you're voting for Dan Carter";;@DanCarterCT @SenBlumenthal @Maarlenaaaa;;"779851234844958720";https://twitter.com/Beezer1776/status/779851234844958720
BillEvansCT;2016-09-24 17:05;0;0;"But #Harambe wouldn't have been afraid to debate @DanCarterCT like @SenBlumenthal is. @CTGOP @NRSC https:// twitter.com/dancarterct/st atus/779667209744289792 …";;@DanCarterCT @SenBlumenthal @CTGOP @NRSC;#Harambe;"779698303390912512";https://twitter.com/BillEvansCT/status/779698303390912512
BlackBoatNavArc;2016-09-24 16:33;0;0;"@SenBlumenthal @Yahoo I hear OPM are experts at this now. @DanCarterCT";;@SenBlumenthal @Yahoo @DanCarterCT;;"779690298238726144";https://twitter.com/BlackBoatNavArc/status/779690298238726144
MinorSolstice;2016-09-24 15:42;0;0;"NRA and ALEC stooge ... it figures but we told you, what works for Drumpf doesn't work for you! @DanCarterCT @SenBlumenthal";;@DanCarterCT @SenBlumenthal;;"779677305710977024";https://twitter.com/MinorSolstice/status/779677305710977024
DanCarterCT;2016-09-24 15:02;28;21;"Neither #Harambe nor @SenBlumenthal ever made it to the jungle only one lied about it #SaturdaysAreForTheBoys http:// nyti.ms/2cZcmoG pic.twitter.com/DAbNzWXgJn";;@SenBlumenthal;#Harambe #SaturdaysAreForTheBoys;"779667209744289792";https://twitter.com/DanCarterCT/status/779667209744289792
Truthinesses;2016-09-23 23:27;0;0;"NRA and ALEC stooge @DanCarterCT ! We don't need yet another Drumpf supporter in Washington! @usairforce";;@DanCarterCT @usairforce;;"779432143583936512";https://twitter.com/Truthinesses/status/779432143583936512
MorganthePirate;2016-09-22 17:42;0;0;"@DanCarterCT @usairforce Happy Belated Birthday! US Air Force ROCKS! Gizmo - head of Yorkies for Trump and DanCarterCT pic.twitter.com/RTlU8N47bm";;@DanCarterCT @usairforce;;"778982857960099840";https://twitter.com/MorganthePirate/status/778982857960099840
DanCarterCT;2016-09-22 15:33;5;2;"@capitolwatch writes about our first ad in #CTSEN RT if you're tired of noise in #Washington #ctpolitics http://www. courant.com/politics/capit ol-watch/hc-carter-campaign-releases-first-ad-20160921-story.html …";;@capitolwatch;#CTSEN #Washington #ctpolitics;"778950253068242944";https://twitter.com/DanCarterCT/status/778950253068242944
MinorSolstice;2016-09-22 14:51;0;0;"Get real NRA and ALEC stooge! What works for Drumpf doesn't work for you! @DanCarterCT @SenBlumenthal @NRSC @CTGOP pic.twitter.com/iitwffBQQ5";;@DanCarterCT @SenBlumenthal @NRSC @CTGOP;;"778939815228153856";https://twitter.com/MinorSolstice/status/778939815228153856
DanCarterCT;2016-09-22 14:45;1;1;"@SenBlumenthal has made a lot of noise over the years but some things he doesn't want to talk about @NRSC @CTGOP https:// youtu.be/ckJZdEkiVSo";;@SenBlumenthal @NRSC @CTGOP;;"778938193076850688";https://twitter.com/DanCarterCT/status/778938193076850688
Bill_Flood;2016-09-21 22:48;0;0;"#CTpolitics First ad from @DanCarterCT goes after @SenBlumenthal "Noise" via @YouTube https:// youtu.be/ckJZdEkiVSo";;@DanCarterCT @SenBlumenthal @YouTube;#CTpolitics;"778697370145923074";https://twitter.com/Bill_Flood/status/778697370145923074
newsbell;2016-09-21 22:44;1;0;"NOW @CTGOP Senate candidate @DanCarterCT releases his first campaign commercial targeting @SenBlumenthal https://www. youtube.com/watch?v=ckJZdE kiVSo&feature=youtu.be … #ctpolitics";;@CTGOP @DanCarterCT @SenBlumenthal;#ctpolitics;"778696334383550468";https://twitter.com/newsbell/status/778696334383550468
DanCarterCT;2016-09-21 19:52;4;9;"Tune in to @NBCConnecticut at 4:30pm to watch my interview with @MaxReiss and get a first look at our campaign's new ad! #CTpolitics @CTGOP pic.twitter.com/n9Sng5dvJx";;@NBCConnecticut @MaxReiss @CTGOP;#CTpolitics;"778653232616861696";https://twitter.com/DanCarterCT/status/778653232616861696
TwBaran;2016-09-19 23:27;0;0;"It is time to get baby killer @SenBlumenthal out of DC! Vote for @DanCarterCT";;@SenBlumenthal @DanCarterCT;;"777982534680449024";https://twitter.com/TwBaran/status/777982534680449024
MinorSolstice;2016-09-19 20:52;0;0;"NRA and ALEC stooge ... you did nothing and you are doing nothing of importance! Find a job! @DanCarterCT pic.twitter.com/mgxs6aChRo";;@DanCarterCT;;"777943465007120384";https://twitter.com/MinorSolstice/status/777943465007120384
CTFCR;2016-09-18 19:56;3;6;"Happy birthday to @DanCarterCT , the @CTGOP candidate for US Senate!!";;@DanCarterCT @CTGOP;;"777567106778828800";https://twitter.com/CTFCR/status/777567106778828800
freedomondeck;2016-09-18 17:36;0;1;"Live stream us on http:// 949newsnow.com @CTNewsbreaker @LeeElci @CTGOP @CTFCR @DanCarterCT @lorionliberty pic.twitter.com/0Ifz1Ys5d5";;@CTNewsbreaker @LeeElci @CTGOP @CTFCR @DanCarterCT @lorionliberty;;"777531771919462401";https://twitter.com/freedomondeck/status/777531771919462401
DanCarterCT;2016-09-17 22:04;0;1;"Great to see the League of Women Voters holding a registration drive here at the Guilford Fair! #Carter2016 pic.twitter.com/oXAbIfzs2k";;;#Carter2016;"777236818202943488";https://twitter.com/DanCarterCT/status/777236818202943488
MCorey4Congress;2016-09-17 19:24;1;2;"Spent the morning at the 4 Town Fair with @DanCarterCT , Rep. Chris Davis & @CarolynforCT ! #CTPolitics #Connecticut pic.twitter.com/8gwGy3S9y4";;@DanCarterCT @CarolynforCT;#CTPolitics #Connecticut;"777196549642264577";https://twitter.com/MCorey4Congress/status/777196549642264577
Ohios9th;2016-09-17 19:18;0;1;"@DanCarterCT @MCorey4Congress turning CT to the GOP, Personal Freedom and responsibility. Victory In Nov #GOPccc https:// twitter.com/DanCarterCT/st atus/777181053576482816 …";;@DanCarterCT @MCorey4Congress;#GOPccc;"777194962928726016";https://twitter.com/Ohios9th/status/777194962928726016
DanCarterCT;2016-09-17 18:22;3;6;"A perfect day to be at the Four Town Parade and Fair with @MCorey4Congress and State Rep. Chris Davis! #Carter2016 pic.twitter.com/0CUaWz5rLl";;@MCorey4Congress;#Carter2016;"777181053576482816";https://twitter.com/DanCarterCT/status/777181053576482816
MinorSolstice;2016-09-16 15:55;0;0;"@DanCarterCT NRA and ALEC stooge ... Salvation Army is easy! What about Newtown where 20 kids were murdered! pic.twitter.com/VvLq4czQK8";;@DanCarterCT;;"776781527388684288";https://twitter.com/MinorSolstice/status/776781527388684288
DanCarterCT;2016-09-16 14:25;0;4;"Happy to support the Salvation Army this morning at their Annual Community Breakfast Fundraiser in Danbury! pic.twitter.com/3RUo7tD5aQ";;;;"776758870891003904";https://twitter.com/DanCarterCT/status/776758870891003904
52gopher;2016-09-15 20:44;0;0;"@DanCarterCT @CTFCR The GOP Masterbater pic.twitter.com/MfOnvqA6rs";;@DanCarterCT @CTFCR;;"776491882775883776";https://twitter.com/52gopher/status/776491882775883776
JamesMcGillGOP;2016-09-15 03:59;5;3;"@CTGOP Senate Candidate @DanCarterCT Speaking at the Vernon RTC Meeting #ctpolitics #LeadRight2016 pic.twitter.com/fRw9YOD2AH";;@CTGOP @DanCarterCT;#ctpolitics #LeadRight2016;"776238925601972224";https://twitter.com/JamesMcGillGOP/status/776238925601972224
MinorSolstice;2016-09-15 02:52;0;0;"Debate WHAT, NRA and ALEC stooge? You have no issues, you did nothing for Newtown, you are worthless! @DanCarterCT pic.twitter.com/4S0AyoGY8n";;@DanCarterCT;;"776222197278998529";https://twitter.com/MinorSolstice/status/776222197278998529
dan_smolnik;2016-09-15 01:42;0;0;"Curious if the dishonest,whiny,and bully tactics of @DanCarterCT are inspired or required by his leader Donald Trump. https:// nebula.wsimg.com/ae082dfc3c0d7f bbd6c5475c0a688ad4?AccessKeyId=23EBE394C8F14B96560D&disposition=0&alloworigin=1 …";;@DanCarterCT;;"776204571945336832";https://twitter.com/dan_smolnik/status/776204571945336832
Thomasrcherry;2016-09-15 00:01;0;0;"@SenBlumenthal prefers safety of an elementary school audience to speak of his "great" work as senator @DanCarterCT https:// twitter.com/ctcapitolrepor t/status/776175156364505088 …";;@SenBlumenthal @DanCarterCT;;"776178970450661376";https://twitter.com/Thomasrcherry/status/776178970450661376
DanCarterCT;2016-09-14 23:55;16;4;"RT if you agree no one is entitled to the office they hold - you have to earn it @ctgop @nrsc #ctpolitics http://www. courant.com/politics/capit ol-watch/hc-carter-says-blumenthal-s-reluctance-to-debate-puts-politics-over-people-20160914-story.html …";;@ctgop @nrsc;#ctpolitics;"776177688851673088";https://twitter.com/DanCarterCT/status/776177688851673088
RussellBlairCT;2016-09-14 21:40;0;0;". @DanCarterCT takes a move from the @SenBlumenthal playbook and sends a "strongly worded" letter asking to debate https:// nebula.wsimg.com/ae082dfc3c0d7f bbd6c5475c0a688ad4?AccessKeyId=23EBE394C8F14B96560D&disposition=0&alloworigin=1 …";;@DanCarterCT @SenBlumenthal;;"776143636702650372";https://twitter.com/RussellBlairCT/status/776143636702650372
DanCarterCT;2016-09-14 21:01;7;6;"RT if you believe CT voters deserve open and fair debates from those seeking elected office http:// conta.cc/2d0lmw0 #ctpolitics";;;#ctpolitics;"776133840301678592";https://twitter.com/DanCarterCT/status/776133840301678592
Bill_Flood;2016-09-14 19:39;0;0;"#CTpolitics @DanCarterCT Pushing @SenBlumenthal for More Debates http://www. ctpost.com/printpromotion /article/Bethel-s-Carter-pushing-Blumenthal-for-more-9221326.php?cmpid=twitter-desktop … via @connpost";;@DanCarterCT @SenBlumenthal @connpost;#CTpolitics;"776113263268405248";https://twitter.com/Bill_Flood/status/776113263268405248
gettinviggy;2016-09-14 16:07;0;1;"@DanCarterCT presses @SenBlumenthal for multiple debates #ctpolitics #election2016";;@DanCarterCT @SenBlumenthal;#ctpolitics #election2016;"776059811251228673";https://twitter.com/gettinviggy/status/776059811251228673
gettinviggy;2016-09-14 16:07;0;1;"@WFSBnews to host first televised #senate debate between @SenBlumenthal @DanCarterCT http:// bit.ly/2cHxK4Q #ctpolitics #Election2016";;@WFSBnews @SenBlumenthal @DanCarterCT;#senate #ctpolitics #Election2016;"776059703541526528";https://twitter.com/gettinviggy/status/776059703541526528
MannySantos123;2016-09-12 23:16;0;0;"Reminder: support those that defended your freedoms @DanCarterCT @claycopect @CTGOP #LegionPost45 pic.twitter.com/hh7FQiOLWj";;@DanCarterCT @claycopect @CTGOP;#LegionPost45;"775443061384052736";https://twitter.com/MannySantos123/status/775443061384052736
CTGOP;2016-09-12 18:49;1;0;"POLL: Do you agree with Dick Blumenthal? Have your say: http:// bit.ly/2cRiK4K cc: @DanCarterCT @SenBlumenthal pic.twitter.com/G7FvU3blba";;@DanCarterCT @SenBlumenthal;;"775375699578322944";https://twitter.com/CTGOP/status/775375699578322944
BaiAnNa2014;2016-09-12 07:30;0;0;"@misterak47 @ap @realdonaldtrump @DanCarterCT @RoyalFamily @netanyahu @HassanRouhani @NYTFriedman Obama seeks to boss everyone #MartialLaw";;@misterak47 @ap @realdonaldtrump @DanCarterCT @RoyalFamily @netanyahu @HassanRouhani @NYTFriedman;#MartialLaw;"775204891635572737";https://twitter.com/BaiAnNa2014/status/775204891635572737
BaiAnNa2014;2016-09-12 06:33;1;1;"@Hillsdale @DanCarterCT @gerfingerpoken @kimharm63660098 @davisallen46 @eyes_of_justice @hugva3 & #MartialLaw PushdBy #CrookedMurphy #Senate";;@Hillsdale @DanCarterCT @gerfingerpoken @kimharm63660098 @davisallen46 @eyes_of_justice @hugva3;#MartialLaw #CrookedMurphy #Senate;"775190631576702976";https://twitter.com/BaiAnNa2014/status/775190631576702976
karanb23;2016-09-11 21:55;0;0;"Love my senator @SenBlumenthal , NEVER @DanCarterCT https:// twitter.com/senblumenthal/ status/775058309317595136 …";;@SenBlumenthal @DanCarterCT;;"775060265993900032";https://twitter.com/karanb23/status/775060265993900032
Truthinesses;2016-09-11 20:21;0;0;"NRA and ALEC stooge ... NRA is the terror and your master! @DanCarterCT pic.twitter.com/LOFklAtslv";;@DanCarterCT;;"775036615257358337";https://twitter.com/Truthinesses/status/775036615257358337
DanCarterCT;2016-09-11 18:00;9;11;"May we always remember pic.twitter.com/sXSXX3Kv2i";;;;"775001162051379200";https://twitter.com/DanCarterCT/status/775001162051379200
freedomondeck;2016-09-11 16:48;2;2;"Live stream on http:// 949newsnow.com @CTNewsbreaker @LeeElci @DanCarterCT @DariaNovak @CTGOP @CTFCR @elohimis1 pic.twitter.com/lnVS9ZVcIC";;@CTNewsbreaker @LeeElci @DanCarterCT @DariaNovak @CTGOP @CTFCR @elohimis1;;"774983038639964160";https://twitter.com/freedomondeck/status/774983038639964160
manlambda;2016-09-11 16:41;0;0;"@steve_vavrek @LogCabinGOP @DanCarterCT yet he supports a bill supporting the Confederate flag? Hmmm";;@steve_vavrek @LogCabinGOP @DanCarterCT;;"774981185927798784";https://twitter.com/manlambda/status/774981185927798784
manlambda;2016-09-11 16:40;0;0;"@DanCarterCT @SenBlumenthal @SpeakerRyan Loving that Confederate flag Dan? Great priorities. Why won't Republicans send a clean bill?";;@DanCarterCT @SenBlumenthal @SpeakerRyan;;"774980934743494656";https://twitter.com/manlambda/status/774980934743494656
manlambda;2016-09-11 16:39;0;0;"@DanCarterCT @SenBlumenthal @SenateGOP so you support the Confederate flag Dan?";;@DanCarterCT @SenBlumenthal @SenateGOP;;"774980595042676736";https://twitter.com/manlambda/status/774980595042676736
manlambda;2016-09-11 16:37;0;1;"@DanCarterCT @SenBlumenthal @SenateGOP oh please Republicans put poison pills in bill knowing it won't pass. Hypocrite.";;@DanCarterCT @SenBlumenthal @SenateGOP;;"774980142770819073";https://twitter.com/manlambda/status/774980142770819073
DanCarterCT;2016-09-11 16:31;3;8;"Today we remember those lost, those who came to the rescue and those who join the fight against terror. #NeverForget pic.twitter.com/HjwphCyGMA";;;#NeverForget;"774978656737386496";https://twitter.com/DanCarterCT/status/774978656737386496
MinorSolstice;2016-09-11 13:37;0;0;"What did you do for the murdered kids in Newtown NRA and ALEC stooge? @DanCarterCT pic.twitter.com/McVhRqTdVC";;@DanCarterCT;;"774935010168168448";https://twitter.com/MinorSolstice/status/774935010168168448
DanCarterCT;2016-09-11 05:17;0;7;"I met the coolest kids today from the Westport Dance Center! Looks like a great place to MOVE! #dance pic.twitter.com/jJSu9z0XGJ";;;#dance;"774809142347247617";https://twitter.com/DanCarterCT/status/774809142347247617
DanCarterCT;2016-09-11 00:57;0;2;"Ending the day at the Norwalk Oyster Festival. Always a great event! #Carter2016 #CTpolitics pic.twitter.com/3gAnO2uXYo";;;#Carter2016 #CTpolitics;"774743616099119105";https://twitter.com/DanCarterCT/status/774743616099119105
MinorSolstice;2016-09-11 00:47;0;0;"Go home NRA and ALEC stooge, think about all the things you did not do for Newtown! @DanCarterCT @RepGailLavielle pic.twitter.com/U8VAkCdCDH";;@DanCarterCT @RepGailLavielle;;"774741037101219841";https://twitter.com/MinorSolstice/status/774741037101219841
steve_vavrek;2016-09-11 00:07;1;1;"I am proud to know you @DanCarterCT & @LogCabinGOP #stopthehate https:// twitter.com/dancarterct/st atus/774664296211120128 …";;@DanCarterCT @LogCabinGOP;#stopthehate;"774730947455488000";https://twitter.com/steve_vavrek/status/774730947455488000
MinorSolstice;2016-09-10 21:45;0;1;"NRA and ALEC stooge ... GOP for LGBTQ ... who are you kidding? @DanCarterCT @LogCabinGOP pic.twitter.com/uij9gykUNK";;@DanCarterCT @LogCabinGOP;;"774695194839093248";https://twitter.com/MinorSolstice/status/774695194839093248
wb_cooke;2016-09-10 04:35;0;0;"@DanCarterCT @TxsleuthUSA @SenBlumenthal Is a Democrat and a member of Hillary Clintons "Make America Fail Again" for Blks, Whts, Hispanics.";;@DanCarterCT @TxsleuthUSA @SenBlumenthal;;"774436128019640320";https://twitter.com/wb_cooke/status/774436128019640320
bluecollarsales;2016-09-08 18:11;0;0;"@DanCarterCT @SenBlumenthal is a constant reminder of @SenBlumenthal failure as a UD senator";;@DanCarterCT @SenBlumenthal @SenBlumenthal;;"773916555704926208";https://twitter.com/bluecollarsales/status/773916555704926208
VTConfidential;2016-09-08 15:08;0;0;"In new poll, @SenBlumenthal crushing @DanCarterCT ... @HillaryClinton leading in New England. http://www. courant.com/hc-emerson-col lege-poll-clinton-leading-in-new-england-20160908-story.html …";;@SenBlumenthal @DanCarterCT @HillaryClinton;;"773870649106436096";https://twitter.com/VTConfidential/status/773870649106436096
RussellBlairCT;2016-09-08 03:54;1;0;". @EmersonCollege poll: Clinton leads Trump 50-35, and @DickBlumenthal leads @DanCarterCT 54-33 http:// media.wix.com/ugd/3bebb2_3a0 ffde46e4c48bb93f9acaa484b9a1f.pdf … #ctpolitics";;@EmersonCollege @DickBlumenthal @DanCarterCT;#ctpolitics;"773700933066887168";https://twitter.com/RussellBlairCT/status/773700933066887168